copium,ground_density,moist,reflectivity,silicon_rate,oxygen_rate,iron_rate,aluminium_rate,magnesium_rate,undetectable
0,1.9230668405215012,0.19126821756960852,0.04267506696396956,0.20230464323024502,0.03809809693172796,0.41360752136268025,0.2594182929597376,0.06146240060230317,0.025109044913306063
0,0.565279923509005,0.163533774076556,0.18664665224326552,0.11716711148541639,0.016440025214656297,0.6186482580388466,0.16980065623136617,0.04772021647314948,0.03022373255656494
0,2.2311290285891228,0.17679010886325078,0.3793409119025397,0.1034453073940278,0.024423080927127437,0.33889954046815446,0.2671683114509025,0.19184987300158646,0.07421388675820142
0,1.1362733514486267,0.23268240499237666,0.5326721748546351,0.03884411312008368,0.017649316422665925,0.5491108254637883,0.3000344755103983,0.041940378838515514,0.05242089064454821
0,1.7918728837576068,0.0129695246219256,0.18844363592388466,0.17883718419955122,0.01805337780504042,0.42156722212216774,0.26607156456473907,0.08234375176810822,0.03312689954039326
0,1.921691559712364,0.16061826725362185,0.02711179601032534,0.1828658710270709,0.05442031953235603,0.3671597402922967,0.20907972598187988,0.14322265050937483,0.043251692657021626
0,2.3454628414921292,0.08638800202558063,0.1826031490039464,0.11336758493208371,0.036917892093100285,0.49540725768879934,0.10535774866009022,0.17503148876024646,0.07391802786567994
0,1.0106483251722582,0.12573802648800156,0.3814875111515132,0.15233471301480697,0.04773284836854671,0.3534517050544497,0.3344638015219221,0.09098021111251087,0.02103672092776358
0,0.9450267793830737,0.0665513660616115,0.2924245049089053,0.03383983402195921,0.044624900114802836,0.24967553691277708,0.5207929236555904,0.12494081172799808,0.026125993566872566
0,1.4749303485643015,0.10102694561959842,0.07496080212206398,0.16418900011309673,0.008220843690990767,0.11288410435065352,0.42841805022260787,0.20138174862527228,0.0849062529973788
0,1.9627611396398352,0.19528761894272145,0.09494013236644447,0.03934947484114032,0.01585989973564968,0.5551721860201487,0.21418002054117982,0.08376962516793321,0.09166879369394823
0,0.4,0.21204690781921268,0.4572666998938871,0.13026274984989344,0.05660796081038374,0.46850092764044554,0.22576919325820985,0.09611437714054445,0.02274479130052293
0,0.4784661805739412,0.07730733408360697,0.420310590401385,0.11361505406976352,0.030721358168015515,0.44545406922814895,0.2525603559572895,0.11156557528204232,0.04608358729474021
0,1.3846193458935387,0.16431178513875525,0.4353057911701055,0.17700636792543636,0.03306384383304236,0.2652025172455855,0.34417855733244457,0.11501410909825187,0.06553460456523912
0,2.077573313726897,0.16754780978000353,0.26845040741318404,0.061320049001787856,0.004542577670321377,0.4128643921741016,0.31594769444377335,0.13603915361290347,0.06928613309711237
0,1.5834338139336297,0.17266694674434535,0.011461263907806418,0.1672044804160041,0.05516135573189107,0.3822495448769655,0.33792293752172614,0.015810911072953765,0.041650770380459265
1,1.6229817446386994,0.026575687424322304,0.1368372259176714,0.0789529813479468,0.10271835973590106,0.19323438284899663,0.3070833700430582,0.24799846803471287,0.07001243798938438
0,2.376689667380636,0.24305699061783106,0.011990484249270227,0.17268724740895489,0.007709373893261127,0.28352605516088814,0.34376376542930925,0.1412956609068305,0.05101789720075606
0,1.5152666480296357,0.11809182428292507,0.5579357095344274,0.06779229442761021,0.049693969455605766,0.5406182532917756,0.2545478286042258,0.060173919311467705,0.02717373490931494
0,0.5567929012853838,0.19222365351278314,0.13498140920329751,0.06280122511049285,0.032696785684896576,0.47348538390977374,0.2681237520578622,0.15300507598453192,0.00988777725244281
0,1.2352888064576366,0.18711492763020662,0.1544451522863107,0.07502408333274385,0.04917885421779445,0.3995258741265376,0.2795344017247457,0.13208327833378125,0.06465350826439713
0,0.8372871123334574,0.007500429893036375,0.1229587411798631,0.02641610748405229,0.01884042569072873,0.4199898485357791,0.3783802227533187,0.07102950717214722,0.08534388836397407
0,1.615916503177687,0.22035366869227002,0.15515139101536238,0.1623026919015377,0.0020925291177867323,0.48420401289615167,0.32667393577306264,0.01842244376720925,0.006304386544252058
1,0.4,0.05845128750474551,0.26613092913931496,0.27840000274637317,0.11603403521051057,0.41148305092549947,0.10724540443624653,0.03381802150624521,0.05301948517512508
0,1.9617700515430583,0.05584007533481716,0.1346734224545242,0.11417160848242848,0.03864015583011594,0.47403724125284113,0.33232830503003036,0.018370972436219685,0.02245171696836441
0,0.9234604835689507,0.21030211368438226,0.3012419170925715,0.18183718102754645,0.05047146701712553,0.41964451249190804,0.20618170775134526,0.07376872052352916,0.06809641118854562
1,1.6796036162832824,0.05773279824862482,0.2508979858608135,0.324165584365594,0.045833650588737236,0.14552136698989196,0.3385048182511095,0.08078075179617064,0.06519382800849659
0,1.84590461286365,0.0843883928829731,0.5947926820754088,0.18234785879836118,0.006574723848914163,0.5184608568401847,0.10030800963730513,0.16243702781326114,0.029871523061973583
1,0.7527877331116042,0.02858467596575265,0.14122017203174966,0.2138356674571246,0.052796303845554705,0.28450038061842386,0.2909344649314562,0.06224013005108068,0.09569305309636003
0,1.9174475862222566,0.21337225583808048,0.5698582157895977,0.16696347404116657,0.000516883743004131,0.4394055161942649,0.34399100167851193,0.029485661582286476,0.019637462760765848
0,0.9885267962377533,0.12082088617860881,0.4271097914166933,0.11461128324082248,0.018608985304737646,0.7156094079315783,0.04909981488090077,0.057334518980017055,0.04473598966194374
1,1.9304883444028649,0.03380345369898894,0.46019439353167524,0.11643671269966155,0.03046234841369314,0.6452998441229415,0.04967878205588673,0.13574493083992664,0.022377381867890598
0,1.4115379357021922,0.019612193521184828,0.008873470854653774,0.1657619197146132,0.09907532920042489,0.28484799088547247,0.18522073305740994,0.23181132800229917,0.03328269913978032
0,1.1927026553834306,0.20723677305466903,0.13136631601243146,0.2629741275065637,0.03341216405134194,0.3000632242146873,0.2568764673928923,0.026972125988271735,0.119701890846243
0,1.3110589880805898,0.22374214794470995,0.21504933242310278,0.09607880945189004,0.039454851205479535,0.5365719258563182,0.23784315575645418,0.07398225459680868,0.016069003133049348
0,0.4,0.23525686106359384,0.38097635271411184,0.12619138432857688,0.05797698111026909,0.5476774857306274,0.1208580950366151,0.13353151025194065,0.013764543541971007
0,0.6612160515766382,0.21843428617727342,0.1952643510879532,0.11467462741184696,0.07731851441971688,0.2439042030351911,0.3517649695726228,0.1742059202364649,0.03813176532415724
0,2.9395154886580586,0.1798967424096947,0.027646439628263186,0.2103037386149765,0.015602887616880326,0.2524761273288214,0.3346033441045887,0.16652645703270766,0.02048744530202551
0,0.7393996763129845,0.240544379186092,0.49706452078880337,0.1625890513288255,0.007986068361632695,0.3351957478263642,0.3367172005114921,0.1398346713466391,0.017677260625046366
0,1.2297657389174659,0.28233010823538596,0.13793501523009002,0.18337572176127884,0.06447951793486756,0.34508530904177337,0.29595317517233716,0.0632850001731281,0.047821275916614926
0,1.1405746956870746,0.2723029100446958,0.2734124914222041,0.05787137115208502,0.03576013152262262,0.47247701312945545,0.3536537905266109,0.031578223895539666,0.04865946977368639
0,1.8776518274105851,0.043209410607195374,0.28804802207330255,0.06275203202445012,0.033937323083274816,0.3459400248842224,0.36456432837886504,0.15329321984906602,0.039513071780121506
0,0.8472080717145366,0.15073144815142986,0.5922530125990578,0.2876027741510665,0.05845768493286314,0.24498225395054088,0.047493102906138084,0.2513459066743251,0.1101182773850663
0,0.9181809672365187,0.2793257949522448,0.2662683306235095,0.19463485098627337,0.05633562452602621,0.2548306955935929,0.4357379609890632,0.03001024811668055,0.028450619788363784
1,1.5912449885147621,0.07280792869001525,0.22771922278038856,0.2310255967280684,0.08376647398174776,0.15426137010744248,0.27884058480507407,0.21738806795153126,0.034717906426136126
0,0.4,0.07408579503509792,0.1939913357163842,0.1358155380599122,0.05315879317174737,0.6276166350289069,0.11141126537974788,0.012699889364546949,0.05929787899513874
1,0.8590439704971882,0.0540767391873987,0.5882826434484861,0.5641619257146643,0.04581389674327312,0.13125301277484672,0.08505320273050984,0.06404900198406907,0.10966896005263711
0,1.260437638343756,0.282443277602936,0.32529132788858917,0.2779923684931943,0.008577861617367129,0.4768500820574905,0.0676435479857715,0.05240812628899351,0.11652801355718302
0,1.2142067503938114,0.05044051452715659,0.1939383322131318,0.09918461873139026,0.020690419714944196,0.5789663115731558,0.11771845432967956,0.13321476714984742,0.05022542850098261
0,1.413836204508658,0.1617342014199334,0.3893097670691181,0.0646574984910937,0.0211428786693483,0.5114257979380433,0.25733193717496305,0.12720538263778586,0.01823650508876584
0,0.9424188095949658,0.08482813433784638,0.4197289028335469,0.06874325888806365,0.004029937677306697,0.18757456663525007,0.4201302154263194,0.1571016553737767,0.16242036599928356
0,0.8314633417422204,0.18897025049403354,0.3026589991240218,0.11542864937568248,0.0867359812610861,0.36659123286147904,0.3922895588906918,0.023040158961100066,0.015914418649960623
1,2.0848354851039805,0.22884604870905237,0.4406911379210041,0.0779542853574131,0.033162173730569754,0.20944998944600254,0.5556731884914181,0.09344574885253613,0.030314614122060286
0,2.6982834243051657,0.18524970857117817,0.32931070555642,0.13752733845790863,0.037422971765506546,0.22525206088602998,0.469208453331882,0.08545370224133401,0.04513547331733891
0,1.208610855219431,0.14344841411243364,0.28697519045637393,0.14660249216443433,0.054483162296153,0.34718091239231275,0.11004951802969859,0.2550529122958962,0.08663100282150511
0,1.3940517822040803,0.10638845592011528,0.13492755382360894,0.07730441112084326,0.04951042875952373,0.4538484895648612,0.2888916128773814,0.05202750302253018,0.0784175546548602
0,1.6987753474440912,0.016910290751782884,0.4563493914643756,0.13377563027323547,0.03141792854653702,0.31472257785439545,0.2357119520419227,0.23816685747402697,0.046205053809882324
0,1.0190430983881353,0.23489372200856956,0.07707530191513297,0.11372618015062332,0.057113672197029355,0.626379217717267,0.1081214644622319,0.013952014944196272,0.08070745052865208
0,1.5912453641372448,0.2275515565491037,0.2595407347389941,0.2501984156663155,0.11128346651618755,0.39281053973756136,0.13195022838994286,0.0683076301690341,0.04544971952095863
0,1.0001705589782905,0.23434979120675156,0.2892381574328459,0.026364302686017974,0.05211561572226098,0.4481172592257764,0.2901171716086053,0.13478291633471395,0.04850273442262533
1,0.7044761660498918,0.22302828498295893,0.14658727357514648,0.4278929515595246,0.14109761068424528,0.18258696757436138,0.05357464279314875,0.030481564462163605,0.1643662629265564
0,0.9380472818511949,0.19843370937835053,0.42352997783323487,0.06318005976813718,0.040410864326013624,0.422958768602462,0.36228057046658446,0.07207891625435316,0.03909082058244963
0,0.637718145277439,0.02872528236958355,0.5409884970414396,0.1339011137990893,0.031380737313634326,0.37980419209741895,0.3275807154503285,0.12031233216062832,0.00702090917890057
0,1.946461969550299,0.19228615943497254,0.553099503110981,0.048401857593655104,0.01101946040820165,0.677719811803481,0.10283315638541518,0.14741623631814918,0.012609477491097938
1,2.269488898696485,0.21582064187145425,0.24714530993003422,0.020776339584878043,0.023124665553663257,0.46785466107009277,0.2981264486469485,0.14847208577571336,0.04164579936870397
0,1.5113347430962274,0.10314889659622481,0.13690775138853709,0.09383140959650534,0.08019178561736925,0.16808354123747654,0.39840403276658987,0.1548368243084335,0.10465240647362557
0,0.7370757336149698,0.2618470475807901,0.46510851834811595,0.1575514883568892,0.05737189968383002,0.32688454690136226,0.33815036335292564,0.06570994290842089,0.05433175879657187
0,1.573130540727929,0.29077927429216327,0.589396208848003,0.023859828136305418,0.002527004355214182,0.2546037262572943,0.5026306244192704,0.1195462791753871,0.09683253765652848
0,1.6358986761771246,0.1283239592452545,0.3548173836248065,0.076307652132979,0.07797073261602841,0.738681100104924,0.03832054966032408,0.022572655154669666,0.04614731033107486
0,1.5088839000397383,0.2326494260595624,0.42562077085741307,0.09949450849321577,0.056666641365898114,0.4275290229426994,0.34380340022600153,0.03297724542212521,0.03952918155006001
0,1.0939443588656554,0.12112465703950757,0.405757050222599,0.1256849039994364,0.05081047033115237,0.5030407857850252,0.13819897662909034,0.12668444601201875,0.055580417243276836
0,1.3191125051598949,0.20480312038172027,0.2609351255843865,0.09193679074208999,0.0870328849505674,0.37562929803945166,0.10240854896080881,0.23181299279745315,0.11117948450962895
1,0.9822616996735078,0.22486915341808136,0.01596880511287859,0.1560468131275159,0.05643106690126427,0.5428746078010008,0.029486685944501007,0.14754843322897485,0.06761239299674329
1,2.8728897773591338,0.24137202545777897,0.18659690380787308,0.2113380467746594,0.01591344714840647,0.38653608378392285,0.2668648454464703,0.07698249197569967,0.04236508487084119
1,0.598891887879083,0.27786402672814503,0.3545818577455895,0.3183825613230973,0.01121917956055148,0.25014700167463033,0.31200078598210457,0.04873420236227243,0.059516269097343893
1,1.8480520951804187,0.04229736370122245,0.09608321816366829,0.08136168175299892,0.053160743818747316,0.48063003920057007,0.28019289779297113,0.05370848528846262,0.05094615214624986
1,0.4,0.2279542140959278,0.07300061248630949,0.21849148178253064,6.021998377790537e-05,0.6586140983157432,0.024906912765068883,0.0356793052637895,0.062247981889089796
0,1.4698263579943562,0.2628672043705546,0.46660155545793736,0.14352170012765916,0.027772403413582024,0.5456924692494121,0.14209172198280792,0.09831045734019779,0.04261124788634113
0,0.550208029885314,0.018101690349247544,0.5622085103920241,0.188317225440677,0.015036957444192346,0.47191860477557235,0.1678979448397558,0.11632623579843886,0.04050303170136351
1,1.4770259107086803,0.2603382059457106,0.3168086844747562,0.05869523181988553,0.011701453107251479,0.07157301345538442,0.766682561626028,0.037195555843549506,0.054152184147901024
0,0.45711930248257243,0.27901004443324384,0.3601876422841532,0.07181999543114971,0.04164840671923232,0.45444290286153105,0.3827159369103819,0.01300953375862121,0.03636322431908365
1,0.6063729846947212,0.04481416703695152,0.47530709607448574,0.29361406788309213,0.09522168467109411,0.32419437374303794,0.11365370281621807,0.15086426091565955,0.02245190997089809
0,0.991219884850047,0.2533749011565066,0.22752914730381804,0.06899699256590455,0.0036601874068985713,0.46294213311234494,0.15977899214086297,0.2123164922063417,0.09230520256764727
0,1.37949989558733,0.11772624763022535,0.34988581320447293,0.0768122652839263,0.015409735173632068,0.4852406778316969,0.30644422279138067,0.08120559605733353,0.034887502862030455
0,1.2761079012592988,0.2966293377396796,0.5387093211053904,0.09165854337684594,0.01596643984770368,0.49389969079661133,0.22202740929757933,0.13641032990028165,0.04003758678097809
0,0.7184079390335576,0.1141125565481868,0.1650095781426315,0.09682159026559817,0.03439706015236675,0.6473044558029794,0.13776110515935586,0.07183321765468324,0.011882570965016687
0,2.7304454151347324,0.04982417508210938,0.24311616669396452,0.16332925536916418,0.009686595422966226,0.47717657186258144,0.15507501759769374,0.12621160972543016,0.06852095002216414
0,0.8843106830163996,0.07177426100842844,0.12505877248237593,0.20605496042045307,0.0007058453858889092,0.44986028052481186,0.11692825894758416,0.19321872197608767,0.03323193274517437
0,1.3674440420058664,0.049279840962704165,0.25591586176509395,0.21009032162205452,0.007305446274543386,0.46696341233634536,0.10192435856590927,0.13866574090987213,0.07505072029127526
0,1.1063872571476956,0.29879307249463616,0.5338351864451086,0.08753278893105541,0.02685986188523827,0.658423086549562,0.14866829097749976,0.06881542301141048,0.00970054864523402
0,2.0851104484979324,0.23573860746625272,0.41908271785207607,0.08384216967442469,0.059650982813688296,0.1344584062885489,0.45372458865707793,0.22578577500889094,0.04253807755736934
0,0.6574597591876004,0.08018160190795705,0.1243217910036265,0.04904950634930994,0.06114092626493987,0.435310090520767,0.09933135549459489,0.23693678377053357,0.11823133759985482
0,0.9686559027942316,0.09965858029513618,0.1238785975159769,0.12789884864860326,0.014136996892839511,0.48504827967833214,0.32269297354465143,0.032868986201288336,0.01735391503428534
1,2.76073954173067,0.16767370599843062,0.3506136249377258,0.2399140619172838,0.06839306549170804,0.18031860854650394,0.3802318372325618,0.0391254218965584,0.09201700491538391
0,1.6156247560769734,0.08871359702027196,0.003835895087465357,0.17910792567623687,0.03747617204796453,0.4749419078374927,0.21585258114596226,0.03401995373809543,0.058601459554248045
0,1.5718776577169589,0.25761639159929484,0.45730759956459427,0.2676315472565356,0.10759492876402427,0.25285839068884725,0.18233464052940787,0.1032422410893634,0.08633825167182169
1,1.3460154521391816,0.2154532714619591,0.19366752816426283,0.10184066576750239,0.16841292380795378,0.1358359967282744,0.24578214123243372,0.2584354159259742,0.08969285653786159
1,1.5808293733079268,0.021664159617050514,0.2337894770137363,0.06483308670658476,0.004097793109864916,0.7683267545790151,0.03324450917159758,0.060336927411634364,0.06916092902130307
0,0.9105977854167568,0.001216262148355396,0.248217064837402,0.20498228162553306,0.020399089243177772,0.49500225252595886,0.15956778412429873,0.0903081341836982,0.02974045829733323
0,1.1363735719258563,0.22498805780375714,0.1704267704863245,0.15261651116947184,0.012366076178850242,0.45137353765852734,0.3090668853675371,0.024938989648284688,0.049637999977328685
0,0.4,0.2765555545186304,0.21595547446854108,0.1610155023833628,0.02131510737059657,0.6006454131467489,0.10968627321903861,0.05481792198720488,0.05251978189304813
0,1.1057795359729168,0.054777157962713215,0.5060002795202958,0.13887104507803782,0.03333013658989531,0.3992454638805677,0.20376182352945899,0.20798644763088583,0.016805083291154342
0,1.0757312996853408,0.05768940869541774,0.11863674444826992,0.14543528848401496,0.07388540263064125,0.19493865943298286,0.4044512151778663,0.0975898977595173,0.0836995365149773
0,0.8840748814689036,0.17087651646257115,0.5579937173031257,0.0931462524072592,0.05337824517491052,0.23492418852574415,0.4350925563395818,0.1701413452414651,0.013317412311039011
0,1.107054498464618,0.16191019132118983,0.5995248883185934,0.21366029881308707,0.02606433406894069,0.5055117056666872,0.13720134172968118,0.09996327884075093,0.017599040880852887
0,1.536024174630013,0.14057175613373993,0.3042337680438084,0.2595128416957221,0.009810364441964278,0.412915346901871,0.23111835276404868,0.025145768563506195,0.061497325632887706
0,1.4978887834620016,0.005352083108725492,0.2313928073712271,0.06040834332093027,0.059320105004853504,0.463243331082626,0.20868920109671793,0.15076059160821595,0.057578427886656354
0,1.9591200075926136,0.18433351210124804,0.2666503502804472,0.11154543246250076,0.005902952724865662,0.5079907246250083,0.28745374316758177,0.055755102369619274,0.0313520446504242
1,2.664219480509457,0.29832069733665717,0.1920189090848904,0.1738424633200958,0.019526475252235678,0.6082499178057218,0.0398652194738526,0.10636249727304008,0.05215342687505417
0,1.2512600352685586,0.16563734024304413,0.2608831325290723,0.06617978168163707,0.035666580146590944,0.4251255360109235,0.1788222823732719,0.1856359069599022,0.10856991282767436
0,1.1703817379278418,0.2373889218837266,0.4405184472180043,0.0912353217991696,0.05603072692353544,0.578542265272292,0.2198922975556342,0.00906048135549706,0.0452389070938718
0,1.3311057285017953,0.28870211131484474,0.3112100606202594,0.1266127165658423,0.04293957951220713,0.43509267719097516,0.29198146213423415,0.06823233225750776,0.03514123233923345
0,1.915152614469227,0.16840270597709114,0.17911035739786188,0.17012524487146527,0.043058346069359946,0.2923387733255314,0.2718724861376394,0.18992405416515482,0.032681095430849086
0,2.2935763153509434,0.1512705200671841,0.5000117132061647,0.17918995211882935,0.07963278626532636,0.4091113560710761,0.10893894625374274,0.16528792919259658,0.05783903009842896
1,1.1738277293879524,0.06610033615640155,0.18094849240468286,0.02287598407928589,0.045873396025778126,0.5470196311167029,0.07992659651043155,0.2219801660122475,0.08232422625555398
0,1.614140156157584,0.02382061414589368,0.3765758138849101,0.13279506064379767,0.05113524652486529,0.5087087141665738,0.12310292445829775,0.14694662368408115,0.03731143052238441
1,1.9140916842774467,0.025104797278976763,0.14303756095449446,0.07800421811734125,0.05077937594893528,0.455788412504042,0.2702286433919446,0.12555501265167907,0.019644337386057715
0,0.9829785837447101,0.1313083481442709,0.4343875956476513,0.10060186575887795,0.07060120470166206,0.5877508227717378,0.07004009492642674,0.10104734286201184,0.06995866897928342
1,1.554516825260857,0.11954629233653158,0.07625176832072471,0.33780879640432404,0.0745843281836106,0.2243783650119057,0.11781128221686789,0.1950801722950609,0.05033705588823083
0,0.9010538666567525,0.02825214081862136,0.11792573537160131,0.13249630164136253,0.029388077592458386,0.3978919955064838,0.2987558870649289,0.1221348235973564,0.01933291459740989
0,1.5240042310615598,0.08577727723366678,0.25042845795985375,0.19807530467541506,0.033087181266297706,0.21817093107607619,0.37870151168085836,0.14906340300496362,0.022901668296388948
0,1.09161796848772,0.0772472853975803,0.40009982989636383,0.13641928199555678,0.05068797281573132,0.31224205631977847,0.18606424336957134,0.2098004152225139,0.10478603027684823
0,0.8134582537012605,0.18830561434274387,0.5934228057739489,0.14472181409015178,0.03352340761802137,0.47691131934204795,0.23266651327882576,0.062064227077588685,0.05011271859336443
0,1.6266776130483764,0.13090222165141743,0.5926910051120572,0.02710862324474167,0.03917160240228867,0.4336530487383083,0.3483730955782433,0.11198296669582135,0.03971066334059677
0,1.9056857606186632,0.07308300978182754,0.519056786888938,0.1303079071579435,0.03219071078089686,0.4546390551976643,0.2289435114853907,0.11305972681806266,0.04085908856004207
0,0.6560110514025451,0.178718703104313,0.43958709987388955,0.028518020514802414,0.05183531792944689,0.42715690314650234,0.2587630700202471,0.180492579732419,0.05323410865658204
0,1.2416117003955036,0.13728369543400118,0.03753459771804981,0.12349867520639969,0.031980317798350096,0.477034117256747,0.2364874818515361,0.11831261985336965,0.012686788033597447
0,0.729800631245062,0.21606789129926382,0.5195548726168893,0.15652789089209485,0.03339405465906087,0.38005443017770796,0.32007220956799726,0.046060263678402706,0.0638911510247363
0,0.6667229521735072,0.08186655933348984,0.12793203056680605,0.13326687301826104,0.03305597409386447,0.39559350146798655,0.3135903241833339,0.07398299844758192,0.05051032878897215
1,1.8487073045436055,0.06613355594028487,0.05309380849958232,0.2674005675023312,0.04646614691122229,0.3653679409772401,0.08139643541224567,0.17500614911910659,0.06436276007785419
0,2.219935207549615,0.1944425252345108,0.17150878204264,0.1681415463754365,0.0703837704145908,0.5032191287709762,0.11465596338352842,0.09447075057231111,0.049128840483157035
0,0.7789991293825553,0.2753030520087456,0.5049154137643006,0.1466017217520139,0.028020370814101518,0.4669884487575351,0.22204913295791887,0.10284950583177106,0.03349081988665938
0,1.7916743417303542,0.2662820345380465,0.17763041931419046,0.08309838092710341,0.009512939702026123,0.5381966264858092,0.11420510098658268,0.21954687639321732,0.035440075505261175
0,0.8709894872516748,0.18601038967298084,0.537321504825667,0.18389589768246808,0.024725551153267716,0.23405199705578889,0.3827909090266187,0.16484096419005637,0.00969468089180044
0,2.216237626977564,0.2981973674530656,0.3773358933195507,0.16559955108399846,0.06314963774930447,0.5072461464237411,0.06932418632408308,0.1132673704729621,0.08141310794591074
0,2.8802208712922215,0.15233615223683405,0.422922298178066,0.11116432044933479,0.04655614167814417,0.318005893994414,0.2863859502472751,0.1772253836014302,0.060662310029401784
0,2.4676181452058805,0.10533812350879707,0.5951171456789676,0.10173656731222061,0.03666968682770364,0.21250821228783315,0.256029242126247,0.31543240393242855,0.0776238875135671
0,0.763121445916827,0.2488580917218374,0.42403837565666685,0.18992666005318526,0.020938193263122108,0.17382525072589913,0.45175470425592895,0.11839567922139567,0.04515951248046888
0,1.1902326728734953,0.2643569804704648,0.5460624416400969,0.0866017369705439,0.04284437534074219,0.709817740223161,0.057678695795366254,0.07548569417736688,0.027571757492819763
0,1.222453579027991,0.0530417163127229,0.32598346225149305,0.1294481994293416,0.04178219842945189,0.47412767129542893,0.19271271450425081,0.12065613303775974,0.04127308330376702
0,1.175411609938593,0.2511533050062151,0.15691388773860462,0.09406839325856373,0.039543649620384584,0.45683356240059425,0.3147288795972983,0.034833823574826055,0.05999169154833311
0,1.3969707739400254,0.07086046902521062,0.35897303526968066,0.0591344155793749,0.0005317464199876411,0.5507401565577168,0.19789416212777347,0.11983631279766839,0.07186320651747893
0,1.2442924538402407,0.17056133245797658,0.25140992875128954,0.05832377470633293,0.029081183917799205,0.5290840773140613,0.08840746680059879,0.2746173396505728,0.020486157610635086
1,1.9145782932890203,0.16293356547291682,0.061493836550884605,0.22162462540725997,0.05728830766021934,0.22976962237272422,0.30963268169496444,0.12725524525121493,0.05442951761361716
0,1.2520053170782015,0.16146524629579997,0.5162493235282638,0.022058260588151798,0.02515696124625952,0.41775811883031794,0.4487864585393879,0.016929106577165526,0.06931109421871723
0,2.2631125093252273,0.005876096242791262,0.5726020551912553,0.11801997696463318,0.01242410603307847,0.3780692824128797,0.38991589156475936,0.08911512505451896,0.012455617970130348
0,1.6968682698819086,0.12671458656342546,0.4804685492265903,0.22687824182989128,0.005536744819170452,0.5621862960912248,0.13572027308448198,0.05714427221827474,0.012534171956956743
0,1.0314158270163112,0.23625302704915868,0.14814123890569297,0.10220440384301566,0.06635878828936263,0.10896627355611853,0.46252147124330034,0.1842748377093124,0.07567422535889061
0,1.81460613651217,0.26306456986576787,0.47234937849283026,0.18958588834954393,0.028683672872642976,0.18861389886854724,0.16203615462587131,0.31423365853632446,0.11684672674707007
0,2.0879164391241454,0.19759421676016795,0.1831329500901673,0.1050101930922221,0.07401511814171292,0.3966511624985823,0.3264255952104199,0.08178216640705464,0.016115764650008326
1,0.8435542187115027,0.025092907821553743,0.001546393668546897,0.16012209868055613,0.06512650096634649,0.5712586363275894,0.05508312135241583,0.09431305411773858,0.05409658855535337
0,1.0452062236511872,0.04257938214419392,0.022876558568455673,0.1830232620142306,0.008725326236235226,0.4973125804472098,0.21489730368646406,0.046120263173903726,0.04992126444195668
0,1.0337844277927262,0.10142130320214282,0.42458007384966256,0.2058563552940143,0.00023303732576036198,0.47062860135108203,0.2595671756055807,0.044821432746721374,0.018893397676841187
0,1.1856922613499754,0.03132924790515874,0.43711398699322485,0.0723186627312189,0.0010334565279647625,0.5004078209845976,0.2994412475412669,0.11697626923877473,0.009822542976177018
1,0.4,0.00792612574371504,0.2787257621483309,0.016340023008636604,0.04962426478640331,0.46979955646584326,0.2655399143713169,0.13383688150297393,0.064859359864826
1,1.1158573313496345,0.08271465771894738,0.08189534114549465,0.03588832292895564,0.10118342429980519,0.5938000215529996,0.17302288851446537,0.05137019205630284,0.04473515064747139
0,2.106103425388594,0.17650009390233215,0.3769053857738535,0.07326614677756242,0.05311809818522378,0.5642616441675169,0.13454025257190336,0.13140033864750025,0.043413519650293234
0,1.8443040742583636,0.284673449138597,0.2941494232207319,0.22268177231473532,0.05759139553075219,0.27127896145757713,0.13244088952776964,0.23015596218982953,0.0858510189793362
0,1.1540582562075459,0.14477013624730595,0.20790224509766966,0.19780254671722083,0.02505498946063924,0.5501153677320559,0.10605969522959857,0.1102102490836485,0.010757151776836926
0,0.4,0.29749089586366256,0.40310518473153134,0.09783356626085773,0.03231238626843517,0.4530427071667844,0.2911383227357534,0.08450158867287842,0.041171428895290935
0,0.9830362254198886,0.12190345535120735,0.014842529230383827,0.1737172408386555,0.07437421193515319,0.33421735616553305,0.336616207391226,0.05616955766335447,0.024905426006077768
0,0.8347490511798125,0.26835015189351935,0.4840517583170758,0.0451082834172166,0.018129179009591698,0.4337414117547675,0.39412406593220234,0.0739480787975544,0.03494898108866751
0,1.253301067725245,0.2749473347939584,0.40023402369548705,0.1401907683561165,0.02153339371022939,0.19215892810513288,0.45636950709686014,0.14441517795497483,0.045332224776686435
0,0.66749361297972,0.1326183466511124,0.0839302671139996,0.17256503497777173,0.042584461843480734,0.27231867811562366,0.37341682548841615,0.11621745950814157,0.02289754006656598
0,0.4614306980567049,0.23627332467817186,0.33709309987770736,0.14404650665712077,0.01240899781142355,0.5075065353566514,0.24372801717822912,0.05062845406163986,0.04168148893493545
0,0.5675101910087232,0.21600254771368668,0.4049368193358016,0.17124239639875735,0.033346255723521664,0.5313755425868213,0.06838619438828625,0.16726582726775904,0.02838378363485431
1,0.5495243835301449,0.00048816613505081596,0.08368275606845417,0.14909300276923731,0.005150094160080696,0.7297563290222164,0.054439354876651656,0.03403804077530065,0.02752317839651336
0,0.9689539732578027,0.20106558752446804,0.32320855139986876,0.14199217065846978,0.06562104081034498,0.4895342723236985,0.2176337718218177,0.07660479488274072,0.008613949502928164
0,0.6468910405207623,0.27940239917773946,0.5645657405549313,0.0860602148306352,0.013629852426688294,0.49392943118205995,0.2295200750328539,0.13204775604383764,0.044812670483924955
0,1.496107050318844,0.008904162643178804,0.25176741229663724,0.09072279948942423,0.03136907560645257,0.7058936494251632,0.07669380500681729,0.07640778182809747,0.018912888644045094
0,2.030435097828869,0.06722332504930598,0.28501538648504865,0.16237704063379368,0.005397878699476153,0.14418771555585516,0.46540563076006025,0.14496388134397742,0.0776678530068373
0,1.1046284250604068,0.19278407109213955,0.35890960759343177,0.3266469349895223,0.016289908052341876,0.08503514837545821,0.42069077874178623,0.02974290061676382,0.12159432922412775
0,1.1203170204838997,0.22633481412753728,0.5247751725977067,0.09584238181086037,0.023084565253250946,0.36258303010663306,0.4471840225702301,0.032549997551201616,0.03875600270782388
0,1.7164463943192967,0.01590529957772807,0.2805500601737631,0.10904192972789332,0.016831018161809746,0.48800781614180433,0.29886943218550627,0.05412287982855417,0.033126923954432126
0,1.6378906493712884,0.18078130472612577,0.3294150208359268,0.19153259346615054,0.04751681590236985,0.11773747850140819,0.47645914764185504,0.07954600303473534,0.08720796145348092
0,1.6470788372936056,0.09732908434560136,0.1834692116459464,0.17511600460047605,0.02569839815704021,0.4066527433654661,0.24883259523047951,0.09183616507214783,0.051864093574390376
0,1.680647410236754,0.12375919432323006,0.4016136778649037,0.020386800045250248,0.03167411920701795,0.4785947907239072,0.24187517190346497,0.16501102312624968,0.062458094994110015
0,2.019208975140336,0.1455482974567774,0.29351921639481715,0.16163413994596326,0.018108861636364423,0.6002142768812775,0.13166011728856006,0.04761200066961733,0.04077060357821739
0,1.556962114945879,0.09772654039953219,0.461908076658826,0.11948133275091212,0.012795414162025039,0.4309976291070243,0.26655688177389186,0.16113815954876962,0.009030582657376976
0,1.182823737070155,0.0313829888348402,0.0759039983160121,0.05037081918903065,0.042473122116282395,0.630269844576034,0.1472179664598785,0.10633945577398222,0.02332879188479228
0,0.4,0.007420645411292359,0.579928347535955,0.12048862459509657,6.109889565239413e-05,0.6478207042312872,0.16854836336988888,0.012375720857343746,0.05070548805073112
0,1.2838064628949688,0.09790116138399314,0.3660537054212646,0.07527736627594159,0.08151706814786171,0.2633098913452259,0.33021108391453036,0.15204388198678778,0.09764070832965265
0,1.6028683523128042,0.24687998557517116,0.42846692705695616,0.028747900691468813,0.07664202084071847,0.46179396572155795,0.24391915801457054,0.163336438358957,0.02556051637272714
0,1.790918230881521,0.1510290028952628,0.5146053043406762,0.11597722240184209,0.08806436615748496,0.3160756287338289,0.19242964407041466,0.18024186904347048,0.10721126959295896
0,1.3635376073418957,0.21203758022917668,0.31774580544890746,0.1008185267878866,0.02233592893793564,0.597416610830929,0.1771170103894021,0.07628232118017492,0.026029601873671745
1,1.9600918612325673,0.07218371172257333,0.2577045337976003,0.048968042452317596,0.10557988662289254,0.6463119654854446,0.06221231142786152,0.10496311682793985,0.03196467718354403
0,1.380629249668631,0.12574316044916853,0.43697915411203475,0.08770837842174257,0.05338713371806101,0.47185776233669197,0.24917788929166065,0.0768980191526624,0.06097081707918135
1,2.836124682898006,0.10461087100559752,0.2044399459806646,0.09323838643004022,0.12122225343005484,0.2955396634819857,0.1531267318566463,0.29093029545963256,0.04594266934164036
0,0.5254900155921414,0.26093446718495805,0.3236534075521068,0.020740838421692165,0.037034013899289696,0.5218548570468744,0.3085938106757968,0.10656164178608275,0.005214838170264216
0,1.1327397185167154,0.04865201268985262,0.2511679621328574,0.1550873880532886,0.044483642737919285,0.40645216314300575,0.33456721525627026,0.042450747206236476,0.016958843603279695
0,1.7831177038718082,0.11273166234299363,0.4749424813017783,0.13322582822153742,0.07443434149380748,0.4110447535752285,0.20469630540824635,0.11404254818578957,0.06255622311539077
0,2.2672656517702166,0.2248019863111798,0.4295233447864764,0.1359640259099906,0.010790969863093624,0.5916521369256798,0.05122691736937211,0.16968364924625795,0.04068230068560597
0,1.345071223534065,0.06388278565382353,0.3093051091195544,0.08257918305346863,0.04425691561438535,0.559052617900541,0.2621908801400167,0.006525635485126119,0.04539476780646221
0,0.4,0.12444785140488805,0.39310473806631907,0.10932944747331044,0.053016690386835034,0.12396317000538273,0.4655197297752587,0.16606649079324198,0.08210447156597109
0,0.7354864201447174,0.28039464065085584,0.48792516873044717,0.06667267248112778,0.06456004995216288,0.24595763273781635,0.3907376012268584,0.18515039517643414,0.046921648425600294
0,2.200704269552882,0.16053985307610338,0.2735821211975444,0.13266989047857314,0.03436018113260285,0.37713895410529047,0.1786699065712418,0.18221285097698045,0.09494821673531133
0,1.1848290598626936,0.080991413325372,0.1280604154273806,0.05838040171410399,0.025993523786049987,0.6138381727093217,0.19642646040216888,0.0381666526346607,0.06719478875369468
0,2.5498596795752686,0.06334153429415192,0.4762553213226977,0.1330252308386088,0.037183943195297296,0.57721852780791,0.16885642156650482,0.024487496330480984,0.05922838026119816
0,1.2239112777124421,0.20109503984134353,0.19177419947590707,0.13690161878423884,0.0095708745459796,0.6008934504142848,0.14155851827507474,0.08312815778785047,0.02794738019257146
1,2.751110748205792,0.054722470818556725,0.561776157696052,0.1568716963395007,0.05560475929899134,0.6074422198987011,0.04948107455611467,0.0740978639361347,0.056502385970557394
0,1.514911978763584,0.04547891789518473,0.3110443541039281,0.19083704604474003,0.0027198560243521692,0.6065915988323786,0.1579219162635655,0.02620607743433229,0.015723505400631447
1,1.088793787233268,0.1004320492135185,0.15314144868957302,0.0425659553388116,0.0822461324079042,0.5548939923855069,0.08204434666268232,0.21761102366395624,0.02063854954113879
0,2.039969697388878,0.001065928451811482,0.3852916126320577,0.22980333879315729,0.008129362863534112,0.5934348591454501,0.0975154238602322,0.026421181571518338,0.04469583376610775
1,2.089792193245381,0.18058620253430338,0.10416362019310174,0.27785591561812406,0.09718541718108083,0.2492791907257439,0.20981649102386826,0.1468397522683052,0.019023233182877734
0,0.7076536228278063,0.0016745422385397778,0.2114286649770968,0.035446899437378596,0.028257262193579803,0.5649572062487331,0.22393933989011883,0.13511084796588635,0.012288444264303242
0,0.8522821132246563,0.18022139857933286,0.47990321721113527,0.16706589979519632,0.0035757220862956142,0.3746676639926891,0.27596105942249816,0.14915030151123215,0.029579353192088816
0,1.3938904196537476,0.23397100048652783,0.1621923997022711,0.08695664171011297,0.05545842425264314,0.5481505394203838,0.13219861470541355,0.11129291807537209,0.0659428618360744
0,0.8878693140046531,0.26818454907722206,0.228674739104426,0.11265428418059814,0.05700731492046337,0.574788505451179,0.0832154717872146,0.11808318314142142,0.054251240519123514
0,0.5154188955612766,0.14352658316782194,0.5871102421935446,0.10982905983164805,0.059098234979291946,0.38636972460645014,0.2249088961410483,0.14823716022539316,0.07155692421616837
0,1.3577794446531901,0.17567576511735034,0.011183061218567136,0.10491539027433062,0.06536359365957249,0.45704742869626314,0.2347057348965348,0.12069730175798139,0.01727055071531742
1,1.6773100395119926,0.22268246024997565,0.25996716891558425,0.36536906415524656,0.11621985090962465,0.2998435123678909,0.07587969712190436,0.10901861885625695,0.03366925658907656
0,2.0033989104692633,0.02817398423995635,0.1255054410530658,0.17667584237702305,0.013502305267133504,0.4049245773655118,0.26956564353751133,0.08929954053504519,0.04603209091777505
1,2.27603840512376,0.20789972850217078,0.41569334621351606,0.015225862887372574,0.055213115544196466,0.5852961999766391,0.2446692623101309,0.07068948977610659,0.028906069505554355
0,1.0606583260934963,0.2805960723914124,0.12972244434741365,0.10283226884870306,0.009374586531594821,0.5104200988708018,0.30468148863337946,0.024113600730063012,0.048577956385457796
1,2.171868881808628,0.12098247130211803,0.2849035724249704,0.038879856945165964,0.04340922753678164,0.4964109263044427,0.2855268369077249,0.12151460221645453,0.014258550089430258
0,1.5390893704181878,0.2232535195004447,0.11007267316976994,0.14491148962634928,0.016322780214185807,0.6433553424731433,0.13331074706895718,0.030554707233719475,0.03154493338364497
0,1.151253623987049,0.2356574760633936,0.4528169913577269,0.1682801618790775,0.036520640779069274,0.44045969955581354,0.3181768163765525,0.009084001567387534,0.027478679842099545
0,1.317959679322562,0.050113826539164304,0.1941342272768978,0.22460258000521974,0.032905623322883944,0.22936800329291807,0.26591485255849184,0.22692319157136895,0.02028574924911765
0,3.0629153667353104,0.25771580296410723,0.343330131703013,0.1190788578363083,0.05759099827323397,0.5703988841324769,0.08568690200406164,0.10124367947516703,0.06600067827875229
1,2.4088301635981324,0.05916601814208728,0.01985066413985439,0.08557040554455808,0.09281518021755347,0.3264632628941137,0.3535915394629425,0.12331612466733001,0.01824348721350239
0,1.3118821222839858,0.10719732575541698,0.44775073542390575,0.09962967963213487,0.033876622725384435,0.09859512108866653,0.530837474262183,0.14771558163287402,0.08934552065875721
0,0.4707446969888214,0.11798835386382311,0.2618143717828801,0.15243111876565352,0.012474185737174376,0.4740830245876707,0.23146358921216117,0.09730502980349766,0.03224305189384244
0,0.831664227049403,0.170192002287316,0.5639227271891329,0.19516592738998634,0.0094623686557655,0.42498662121735853,0.18152911930447188,0.1009021085399004,0.08795385489251739
0,1.5552288989479663,0.0620005353660808,0.49328215104923634,0.1017997318380797,0.01260223430905838,0.5212210535198379,0.23470606712698222,0.10286544759375234,0.026805465612289508
0,2.084451283574842,0.27508577995557615,0.59876812549821,0.08196562138791237,0.035103995805088654,0.3902485129016112,0.32141012675866676,0.09186840797543203,0.07940333517128902
0,1.648883336865814,0.20873107342614902,0.14096600889067729,0.16231050919929293,0.05502464940248316,0.4565718895262082,0.1871656507951302,0.07178687369792384,0.06714042737896156
1,0.8935602178855571,0.19454847942699627,0.04698302715869546,0.03756094392451116,0.0656343060852217,0.5072979613771456,0.2267130764563451,0.10838449197233263,0.05440922018444382
0,1.1203546804409605,0.1677573800939489,0.20800190520597991,0.13573085223043274,0.008055873906564008,0.34533665596481866,0.3469242821832482,0.11696965899909699,0.04698267671583926
1,0.42019493733705243,0.2739603379574011,0.04057622617180299,0.2084893122699247,0.10005002025143361,0.18107013936816715,0.3584343746630805,0.12144670862821787,0.030509444819176074
0,1.2921725540622995,0.1432201083397974,0.5782754847403148,0.10754774193271026,0.05074204347261176,0.5374740843056722,0.1902902476163569,0.09674404414486597,0.017201838527782887
0,1.7197919978635672,0.04834651342256071,0.0889112128744909,0.08971226761287826,0.07843250425646581,0.5105951856149344,0.17792614856944924,0.0694249882050702,0.0739089057412021
0,0.43336007149827327,0.0919855603809073,0.36228858045134477,0.16511040936615892,0.02492787218840207,0.3108113278088975,0.3433519434246713,0.08782929417490899,0.06796915303696119
0,1.1474720498784565,0.2657513105882153,0.5859263112613822,0.10816881228288358,0.031011911381282436,0.41748802408688734,0.2574524915901819,0.14281250992290181,0.043066250735862725
1,0.40525000609126033,0.06548479932617436,0.1230734227065139,0.1113604361581113,0.025038731724331728,0.642754471928124,0.028400829256751543,0.1419604902502802,0.050485040682401235
0,0.8807173092683016,0.07959598669199826,0.11605781486750466,0.13112626518822076,0.08446158921172649,0.42397732236839913,0.20650954180309847,0.12131622293646925,0.032609058492085966
0,0.741982798706758,0.08497631577791549,0.41820754579367164,0.1890417835748431,0.018386739803543765,0.23672344237371232,0.3814202054585277,0.0857994242843138,0.08862840450505927
0,1.836708911333241,0.06656946040416871,0.3251547408742737,0.1635296327052071,0.026529199850419467,0.32257247076958884,0.3022521858781771,0.1477690511640335,0.03734745963257389
0,0.671772830131718,0.24200823400252192,0.28849376674966015,0.08194596441130281,0.012614150161284032,0.49344384819566506,0.26738428276424914,0.08552142633541295,0.059090328132086
0,1.105194603920164,0.23070515009030274,0.24460993882600682,0.17826215113521882,0.07447282212053188,0.366124795167769,0.20120420932204258,0.12510551433483594,0.05483050791960174
0,0.4540290596762138,0.28437798415732396,0.1181665126082051,0.04396115991884146,0.02413407100961675,0.49486054442902067,0.3413762695428358,0.061840205558107236,0.03382774954157813
0,2.4206071505529985,0.10128404637922785,0.5912345500384765,0.13466401270239903,0.041991462497546976,0.5251545711113336,0.10252680637764701,0.16936335677088632,0.026299790540187034
0,1.6588944879706409,0.25223541149017603,0.13612518162660145,0.09117790239724334,0.041402638649005646,0.4726071365804278,0.2385731807672589,0.10579141054854443,0.050447731057519755
0,1.3194484942605331,0.0019412292720426437,0.3042543911205902,0.22502604948113408,0.016931857803226532,0.1597497343247672,0.4538971800407029,0.08414872875392858,0.06024644959624066
0,1.8162814658349777,0.16940520422633637,0.37213286283682595,0.03962809221260085,0.03161695355233853,0.3477085163650234,0.42136207244166785,0.0718136208295961,0.08787074459877321
0,1.5557765846566123,0.07723307328939842,0.3410460284606291,0.06203800837359401,0.043232769769448356,0.5884693820856887,0.07602354556417167,0.1797587104575521,0.05047758374954514
0,1.4050274551177169,0.14009473229692368,0.40147299106664175,0.1970959904697705,0.018103472357551376,0.5810218549672805,0.04324834931934599,0.13672731051174888,0.023803022374302724
1,1.9324272702011376,0.25040324308530726,0.03644582596417773,0.12037905381804362,0.028399256103388365,0.12350670312217676,0.5785760421471272,0.05521673069287631,0.09392221411638763
0,1.3145510970835725,0.10918014104052286,0.2560543362872154,0.1936130520588059,0.02287313503789102,0.5649257214428776,0.05267853895767518,0.1309454100669839,0.034964142435766385
0,0.42489557854865334,0.20323407786714656,0.5365229612467054,0.04440655090970438,0.01784901241756978,0.551773285887116,0.18493114117641643,0.1917711752517445,0.009268834357449008
0,1.6110850378272739,0.20622755696858172,0.03444684949501684,0.030470134826474794,0.02006369896454441,0.3847123381182479,0.39754819872726965,0.14078071873570833,0.02642491062775486
0,1.6461901304096047,0.26877486366064857,0.06127336265419614,0.11747565438163532,0.009008389505289087,0.5033034247579018,0.29997320689286994,0.029936792110002063,0.040302532352301676
0,0.766551757033086,0.093066227820047,0.023461774448568694,0.16080701633460537,0.04007164522290906,0.3664692432407263,0.28212691683981944,0.12824755521675235,0.02227762314518743
0,1.4823421132118355,0.12669989424160572,0.06682149296513495,0.13480350879665273,0.04876336972847456,0.41385831559686115,0.18255281506981993,0.14671448901478437,0.07330750179340727
0,1.2734861777309034,0.27315491934255615,0.23430422823714525,0.07599619337554436,0.05875835265153569,0.5661814076990037,0.20358699955197065,0.0733933181039505,0.022083728617995135
0,0.6304140540689397,0.0450116255133781,0.29279772101079005,0.10928259791357349,0.013080002825153118,0.0704026159681261,0.3591607312354491,0.3139422391914617,0.13413181286623643
0,0.8655871818887659,0.1319898540125385,0.14976872845253383,0.03642156213166752,0.009952267970552684,0.5576438236355217,0.27838591858001155,0.07240279827038336,0.04519362941186309
0,0.7475568284746197,0.16667142482126107,0.23456703357511255,0.21632524565260883,0.02995823545186522,0.2773753799215921,0.28073182472723335,0.1273940329104663,0.06821528133623422
0,1.1139467808140617,0.2626303527756146,0.42558625523588656,0.12065784904322399,0.001225213395669236,0.6962692952266938,0.07764517443464,0.05186289478764367,0.05233957311212933
1,0.4,0.13881569693521767,0.44637559617770295,0.04218170978861884,0.00802993467104501,0.18658846046888453,0.6515679256838247,0.04794449052852585,0.06368747885910102
0,1.275295282822825,0.05110961815017604,0.42161387560599467,0.29449210016022737,0.04235147518780652,0.29281601659350803,0.14364103696246944,0.13606403307959158,0.09063533801639719
0,0.8356908814660058,0.12431811962952106,0.4234876615815761,0.06627013310056264,0.03360040339721241,0.45733818009124994,0.3586700676239055,0.01840550112382043,0.06571571466324916
0,1.363498222191477,0.14353957251577776,0.5080034017855,0.037284217010830366,0.06070470544392276,0.5292295502942549,0.19240554553213912,0.15506346845099106,0.02531251326786199
0,1.9649113894187704,0.009019778890722351,0.29281164479017024,0.1633852154966094,0.009607267960535749,0.5522660805227915,0.20085152342764614,0.03268669643699812,0.0412032161554191
0,0.9604855086518111,0.07261245376459334,0.2528255174543675,0.10742963275260953,0.07501329810248557,0.17279711953017873,0.3571185167332209,0.25827517796001587,0.02936625492148929
1,1.209419916087389,0.05120565589034213,0.18313458456380685,0.3782732084301751,0.08908013080565437,0.1061245192226367,0.03925954269569532,0.3122175066327866,0.07504509221305197
0,2.7343096760747887,0.25321010826189594,0.26772972286897734,0.06512142851473679,0.03663415414704182,0.25056087621801165,0.39764592862988113,0.21827566609146382,0.03176194639886455
0,1.1074461294042406,0.07647213081786046,0.07307922873166468,0.09225762811575008,0.0256842565989717,0.4188774826141668,0.3227768905342601,0.07378802846581917,0.06661571367103225
1,0.6159543422160986,0.15361523178918185,0.050156529835374754,0.2740135742619101,0.025139153379044276,0.20217320625290644,0.24947923965933463,0.15897460016694756,0.09022022627985718
0,0.7154002451216994,0.2407847843919919,0.25767667911410186,0.04544410801273582,0.04235191630614851,0.51592418771111,0.21236139484590363,0.12801627601407475,0.05590211711002712
1,0.6917837186981021,0.0785710554199497,0.13478975471807023,0.27502569579569125,0.0025585524341427412,0.22069618164120544,0.3847689807213527,0.04749107694777308,0.06945951245983478
0,1.0161117583728192,0.059523426058784176,0.41391325034812176,0.12359555729235029,0.00435640772789599,0.48071035038275367,0.22299318767827925,0.1147929468422261,0.053551550076494626
0,1.1761924438687923,0.2875750861671526,0.5763037476119678,0.07189013464826555,0.011566146305353875,0.2457347872805457,0.4364140435875414,0.2035999339033786,0.030794954274914913
1,2.344589957350935,0.04013189410818957,0.5658978060431061,0.2651914084465806,0.015721758515723067,0.3114413009776477,0.3068968563452761,0.0669539038001469,0.03379477191462568
0,1.396020568541374,0.16886194798920895,0.4276655000236273,0.051197733552854376,0.04749131045420045,0.5773506812290312,0.24433236289960217,0.03181037447510079,0.04781753738921105
0,0.9335319904660814,0.11802673786806778,0.1356646949256427,0.08508643999097083,0.05285120679228779,0.5949281908027169,0.14981294404464993,0.10617827562203995,0.011142942747334584
0,0.761787483197339,0.028652908319368973,0.3356692904336234,0.08688722218995605,0.11326175586266887,0.2834495974594781,0.431090411901508,0.07130875412989762,0.014002258456491421
0,1.213993545795998,0.17013644081676876,0.5897317254196737,0.10197761179277356,0.08556225265668974,0.36673423880547684,0.34831903313346196,0.034122679542139205,0.06328418406945871
0,0.7658800413674632,0.0023458985688605606,0.4677709886099968,0.12197038154892322,0.04186164925578803,0.45125678147212483,0.3330777996871225,0.040245782250153427,0.011587605785888003
1,0.5329803765488259,0.16400674800528267,0.11937427254172252,0.04367045394023346,0.038751083720030166,0.45267079004900296,0.2974600333195442,0.12212771526043631,0.045319923710752906
0,1.6567388386087174,0.1065568658187703,0.4355212899316491,0.020377946883735613,0.053737063302583744,0.5538579346000699,0.18168012310280482,0.13546688366416212,0.054880048446643674
0,1.2656106154473719,0.1662828264928297,0.3476525404517926,0.18083997286172002,0.003529950549315209,0.27775605816542254,0.24515714517244266,0.20822671552513838,0.08449015772596126
0,1.073987187830902,0.13624806453068425,0.30986500070338097,0.06586377503579152,0.01694385130877694,0.4154337225877654,0.3298246741041144,0.11240207978656395,0.05953189717698769
1,2.1413489747327565,0.18022004693212812,0.5694963451254106,0.2602829793519221,0.05886641336063955,0.30422892981049093,0.26931351597935116,0.01461775348094007,0.09269040801665637
1,1.7714448382600394,0.010347984924088727,0.309577341811841,0.25820290688184666,0.0628958936341306,0.5057191142533304,0.10316370932490766,0.023407724596790927,0.04661065130899395
1,1.3328382339281792,0.06707615473373017,0.09489032678852231,0.02281666573237663,0.0132185525850951,0.5357798341508702,0.32208043655962004,0.046515680290681725,0.05958883068135645
0,1.003879046446234,0.1267079051378529,0.5749165750415758,0.3229795381376854,0.11778888575638376,0.3208097574696449,0.08456452208723923,0.03586160117382858,0.1179956953752182
0,1.0526861458822254,0.13261500068934248,0.00606671403947625,0.06713600109132029,0.03165468629661195,0.4655106407784189,0.22816030081370653,0.1432006264790474,0.06433774454089483
0,0.8906440963705184,0.19444275529907462,0.13767096227445633,0.22065066395092653,0.01798354605477178,0.23654402033271446,0.48007174855544366,0.030908737000764856,0.013841284105378824
0,1.1419922134643468,0.2094911418028733,0.4160347283028137,0.01304070598311453,0.057354920439754674,0.5463374335707808,0.2816290225464867,0.08476351141718255,0.016874406042680635
0,1.9980655165114447,0.2239168222344654,0.009837013655220649,0.2206861966399183,0.07678943814622484,0.43923662534677044,0.15632656304916412,0.08014734807588031,0.026813828742042002
1,0.47511125320927194,0.18643577083753735,0.13682941127253048,0.05785736194381227,0.08026489883335251,0.16322153772158884,0.6338419611364438,0.04551032996315391,0.01930391040164877
0,1.4844973552876528,0.24609917877910795,0.5030553098955938,0.1502831483327248,0.036792322506377734,0.43087256435224375,0.19434113146370774,0.14162046810725368,0.046090365237692395
0,1.0423080704645757,0.04091138208529783,0.5106844052436394,0.04602382172061257,0.0286462970161754,0.4303985719450853,0.3315333670090187,0.1307332493715584,0.032664692937549665
0,2.284166556306799,0.2322884938486734,0.37795100712548113,0.09169103556200009,0.0342071845383908,0.3401995616223731,0.41707428397016255,0.08705529672683382,0.029772637580239736
0,1.5311116774696645,0.2665098194593377,0.28375759114900956,0.08507434732458014,0.046674696510563336,0.5899231892326515,0.21189380875364572,0.052063584528086806,0.01437037365047226
0,1.23544251744719,0.036708893253195214,0.25818499506920517,0.026670816641878665,0.02067098541495668,0.5043900632256582,0.3225266111187863,0.09739025983898265,0.028351263759737583
0,1.0243021369440402,0.16846248297257224,0.20080649260441868,0.0882238616676884,0.018194254867717655,0.5638753567691573,0.17996343624716324,0.12651948386361073,0.023223606584662652
0,1.8245503648228447,0.2045835382288353,0.12654871153238992,0.018637496737960023,0.04120749185764331,0.49959825107590633,0.37996987440867713,0.027497806740054056,0.03308907917975903
0,1.3342291019427168,0.19112016620704372,0.14223749038796146,0.23635604907235744,0.0028487665738073575,0.293899310966248,0.34347022530068594,0.07524970488106972,0.04817594320583152
0,1.3742881434830112,0.09313280027015036,0.41824610393581046,0.14204058237485234,0.008169550678926038,0.678191712714531,0.05681484198065573,0.09644892531839716,0.01833438693263757
0,1.2833929106104869,0.005109080477173122,0.5621293456723272,0.15778750378929318,0.04654975094087388,0.28012529229941363,0.31212153240259477,0.11962565638044262,0.08379026418738184
0,2.5448720164399528,0.14355684325229498,0.20645213354293615,0.13757028052666542,0.017642375493540214,0.4946519452398608,0.2714684333991024,0.04336566655475743,0.03530129878607382
0,0.7653588441761939,0.017124476095190876,0.40562304181585523,0.13248189065504842,0.004152461049834841,0.45547014050658774,0.18772441568593262,0.15151949732458328,0.06865159477801304
0,0.637063199668228,0.02439969860178809,0.16564506546960192,0.035677195528328765,0.01201572077422984,0.6361370921587933,0.17198604503055243,0.08538795161662892,0.05879599489146664
0,0.8275355743635369,0.15016689312048398,0.2281802655387034,0.1945693476831077,0.07047917482270999,0.43788624539313864,0.08185939299255358,0.1540645503258747,0.061141288782615405
0,1.213374081386628,0.0790060518765248,0.22313910938289686,0.09618631370858532,0.03472654623921307,0.507278163190335,0.2547073879725938,0.07451185895916625,0.03258972993010656
0,1.8181257237955473,0.21892810487119688,0.49730387259796766,0.24363705570597644,0.004324079746002048,0.381018246675979,0.05826834126341,0.2011173745685301,0.1116349020401026
0,0.9253581791022185,0.07850418092012791,0.26955994793956306,0.09846190765822796,0.08657961837587132,0.17052728635995726,0.3390696625631283,0.21574359874193974,0.08961792630087528
0,2.2131694192302165,0.1460946271919807,0.3643488068093427,0.17260873686489045,0.0616816610725692,0.10699841188729999,0.3438186970709103,0.2651830663390808,0.04970942676524943
0,1.5757603126111275,0.14659992114281023,0.5810215662171699,0.08623493391259486,0.008553953518840742,0.5140007536786929,0.24994814183928185,0.1292728197199751,0.011989397330614686
0,2.0784369779202474,0.132439572480964,0.19417639754103158,0.08749749800557832,0.01976386293835595,0.4870737484760721,0.32188315495397535,0.050619157921405485,0.033162577704612804
0,0.4,0.273111431418901,0.44956453992333895,0.18116914125855532,0.062029476161860324,0.19767779515215528,0.44132643495343404,0.09818784257122516,0.019609309902769895
0,0.4790782677684558,0.03694731420914527,0.5843855196344134,0.2247940085947607,0.016341279589198968,0.07949272387476382,0.3696332632003751,0.21426776676137238,0.09547095797952901
1,1.7355407108208496,0.008304289290448541,0.25756737442264827,0.17393156011881952,0.0906602057248965,0.12092551925551781,0.49251395889649974,0.04414365352633436,0.07782510247793208
1,0.4,0.20773223825881645,0.0637289354668983,0.019261836602220528,0.08564010514707142,0.5811399799154725,0.07700407931598979,0.15738336832061942,0.07957063069862635
0,1.5417840720941371,0.10580713064495867,0.5006456934356044,0.15464363214796112,0.06749591245500036,0.381467346104082,0.29600016895107706,0.04342811209711076,0.05696482824476869
0,1.3637331404155593,0.26615351657245867,0.23319972355936683,0.24568603518447557,0.007089648715164126,0.44178401120264904,0.17934067476759807,0.10963166155642921,0.016467968573683992
0,0.845773451523135,0.17387625801069645,0.04836983752818114,0.15862389179780317,0.029949517874625187,0.20640657698541834,0.493716881976518,0.07056082582908077,0.04074230553655458
0,0.9656487881026934,0.2879683381608242,0.16932272562012426,0.07808985536925644,0.027336352606758173,0.36376751879646874,0.3636865620854485,0.06844398059859422,0.09867573054347399
0,1.4287976737001107,0.06648578490569144,0.5705122373274454,0.06463656110430722,0.11161001075491406,0.46871058777999497,0.21290301217302482,0.10910369386327606,0.03303613432448296
0,0.677438889751024,0.0220710380130236,0.36265004234394116,0.14292395348700296,0.08611482889494482,0.424068380001062,0.08028304799267474,0.21265252955037212,0.05395726007394355
0,1.1939767520491924,0.03089772441716989,0.5812611981524252,0.067626658909443,0.0016566988048571857,0.5350066261252636,0.27613332160798765,0.08913794645947569,0.03043874809297277
0,1.217070915688447,0.19803117574306048,0.11031187170719733,0.05875348341828443,0.07955137424835144,0.7091177387655241,0.11701883994020786,0.01988852022196754,0.015670043405664684
1,1.7671006158045102,0.06449453392065807,0.23528530822532814,0.06610984398417287,0.10513044674041058,0.36474894980224476,0.3033592068312014,0.1008078732977431,0.05984367934422733
1,2.201223339310174,0.20666978277365297,0.3659899509434605,0.2722802432171644,0.09324913496491431,0.11280130935398891,0.2977174420129472,0.1425033785761624,0.08144849187482278
0,0.46424517208814664,0.11687323159069918,0.5720407246280924,0.10397714378905959,0.01954240558011782,0.5730246890909314,0.2664476514823329,0.01580983666126093,0.021198273396297408
0,2.1264989476027836,0.004428104662104748,0.1509923473162617,0.186072976255392,0.026158662406189213,0.5283182646169254,0.17446706395988065,0.028146145900618744,0.05683688686099392
0,0.7961733240937091,0.23880484728396043,0.11953366133056043,0.1315575895253981,0.014724961625975416,0.44485961548124886,0.3536802048312552,0.042937624731597214,0.012240003804525196
0,0.6897123477942932,0.19023653759270265,0.20072675630248715,0.07905567745770595,0.015685329264651618,0.30685958029342036,0.32650773794080784,0.21063852549686757,0.06125314954654664
0,0.6378702543334582,0.20982215769917584,0.5059953293090411,0.19380499619775193,0.0338463067789938,0.15100471658213133,0.5210332375766977,0.06524864401286773,0.03506209885155739
0,0.9265076881129327,0.11352591379168257,0.5400435162348427,0.1326701720986118,0.03854051159462193,0.46597816683510535,0.2503793549641743,0.06386128063467847,0.04857051387280826
0,0.7905461604934855,0.2171099303609151,0.4664543924115001,0.17842376800611282,0.06336954722329356,0.47625305507546833,0.12258399448115286,0.09409416926448441,0.06527546594948816
0,2.2323421081304593,0.18594705167304962,0.5932936549256793,0.12149131124545602,0.04266169145926002,0.5841054324919895,0.14638160789609514,0.04398836300597207,0.06137159390122723
0,1.7628722200775373,0.18597071302348506,0.29259986931894083,0.2535872851580646,0.0038936934979179444,0.27704747276108904,0.3326327670391902,0.0669916006368567,0.06584718090688145
0,0.612146802546597,0.18291653349567405,0.5688800126715464,0.09985952763065262,0.054285297486704284,0.35063115297450853,0.2565125658722138,0.15218933588188932,0.08652212015403161
0,0.4856424435709124,0.2147015666915132,0.11279650008173782,0.0995162013187179,0.010146169152215383,0.5632846007771918,0.24986571125839865,0.05740357177072697,0.01978374572274951
0,0.9337567120957525,0.07192256550326603,0.4752223190011785,0.22445863836420205,0.005221583757688267,0.3620771895405657,0.15872055398774934,0.18448169477733448,0.06504033957246007
0,1.145859379955695,0.13680921896501666,0.5656942654636781,0.19995452277026818,0.04182999954295177,0.34557493220158986,0.31584472884222115,0.04026690832356184,0.056528908319407246
0,0.697683793387402,0.10647709083053347,0.5664019096900943,0.10312253826908796,0.0595555332098118,0.628219860935626,0.18148890233873233,0.010790577833553985,0.01682258741318782
0,1.9160911230935387,0.17039024860772478,0.5868062793852533,0.18025781178639916,0.09096785733852186,0.3675076382559376,0.1562499175016148,0.1270953521222466,0.07792142299528
1,0.8435828570825472,0.03143645896607728,0.2694175069348652,0.11285202951071935,0.07799462088790371,0.6830106529926334,0.05556693330165819,0.011552136388044231,0.059023626919041096
0,1.6619625268315295,0.1245754005374113,0.3299621364440612,0.2179073227263006,0.0350877365137233,0.15682695430236746,0.39534011122684926,0.17466205566200355,0.020175819568755884
1,1.869062024176337,0.0013872460487822423,0.3107259770538854,0.2583993373369233,0.030386817621061695,0.1656555306153456,0.34356506438354845,0.18524470014707461,0.01674854989604639
0,1.5005588077171137,0.28364056951990585,0.5773090172647342,0.033518162869383174,0.0020197261630570283,0.4917849679489918,0.3431987784966713,0.09870530794489686,0.030773056576999865
0,1.2242448985794263,0.08053350320461901,0.5956482422084682,0.2414895487797304,0.007987208048747937,0.20557145838567745,0.05568457927460668,0.35022416927233163,0.13904303623890601
0,1.2118305649574288,0.23335529501030555,0.4785070176934202,0.17701412895950652,0.061406557456752255,0.12205444946951577,0.5349827569069748,0.04733915168730786,0.05720295551994267
0,1.4760116694684622,0.16175253422896235,0.26436325372834096,0.11936747205351138,0.011212902674433834,0.38845672393926756,0.3179096520876024,0.14337764102420839,0.019675608220976543
0,1.2556178887298481,0.044974961031768936,0.2799805408272242,0.18997455532148302,0.021829821999227172,0.23348751109428478,0.4364709559386803,0.033801634149369576,0.08443552149695543
0,1.257550484150466,0.22675230215875003,0.16206523421420652,0.10533756245029306,0.03352834635099641,0.24708039118115635,0.42375491178322267,0.16574178936692593,0.024556998867405543
0,0.4970837304164467,0.22255308853380149,0.026265187849772876,0.11433191842353835,0.04269467713523948,0.4731374129902651,0.28171555868065673,0.04131097083166981,0.046809461938630524
1,1.0658527800832411,0.17723779259066896,0.17151572853838834,0.07853268009913614,0.1406369127697801,0.4886863624130127,0.07756897117500161,0.12153874567611445,0.09303632786695497
1,1.7490736162358425,0.08724581787191374,0.013692550291617644,0.09086767399101027,0.1207624782126352,0.3175122929734096,0.06615703437724614,0.2745810190732095,0.13011950137248937
0,2.0050113693188356,0.28495582680346765,0.498309746053184,0.1030146223965902,0.07738615058527583,0.41091818355154264,0.20583657052490295,0.09049863659914992,0.11234583634253842
1,1.8191394706783846,0.24228199493059407,0.18429302983292584,0.46260791489691816,0.021544823663509224,0.21195328409649758,0.20854915290944717,0.03134439958633275,0.06400042484729512
0,0.9310434309155387,0.2445573032296723,0.033608919442115255,0.14584513016175032,0.014677122603528667,0.4185560169343124,0.360332094404987,0.019410023087656124,0.041179612807765574
0,1.1688446218632453,0.25148553678894836,0.10195686241143766,0.03191541286935475,0.06927948792276219,0.42982537731427045,0.34735859346538733,0.050041019968513775,0.07158010845971144
0,1.294851420574743,0.007811945616229065,0.22516128204578523,0.13584467593569963,0.0021561586042524424,0.5968637681500742,0.2296184231150781,0.02503920815854803,0.010477766036347553
1,1.5785455857445996,0.08859580930199458,0.28027578725276303,0.2963653941270268,0.08460074666546581,0.0472658033649011,0.35549579579691737,0.12968342709740285,0.0865888329482861
0,1.5261406424948183,0.024172372777029858,0.5341648900784688,0.14315001077452918,0.03016053217629894,0.4406582676069092,0.3114894461931397,0.050041231305479,0.02450051194364397
0,1.2153974241024652,0.0034376569695505955,0.3557397114045726,0.10355867241036562,0.03138911433329475,0.4562243080533095,0.34496166576752807,0.0511034384432295,0.01276280099227265
0,1.5360907396919439,0.07248185278160019,0.08258838763000144,0.10267800287494205,0.09009530099008822,0.256854716421581,0.39663373722740347,0.08530941678457803,0.06842882570140715
0,0.731546085670968,0.128206696270531,0.006751167340539754,0.17698787124991902,0.000387294353623518,0.5681496023780417,0.10341832396276424,0.0743735687371104,0.0766833393185411
0,1.6434017739378355,0.26100162896558293,0.5447643127173057,0.23393100571049158,0.032670607739192274,0.19519140313572741,0.46197593347551663,0.05997070256531972,0.01626034737375255
0,1.2950291004370085,0.24583178990905527,0.31753174509883275,0.1051484348740107,0.02632836186286348,0.6887410253084594,0.06061407116755665,0.08678941237618924,0.03237869441092053
0,0.7900077258963882,0.16987099767420652,0.572694200382906,0.1524083878019069,0.029649963141049875,0.34365894727087126,0.36019757994750945,0.10465929165081488,0.009425830187847463
0,2.4606308844033973,0.0165952720796671,0.044881472013441524,0.2186333088128775,0.015356475032119263,0.47242305364315895,0.11081154834920279,0.1711213523879105,0.011654261774730902
0,1.5977214683126677,0.20200113336877706,0.019308993391314266,0.02775206738529503,0.031060095374609988,0.4297034626559884,0.3896787742380594,0.0958471644907916,0.02595843585525541
0,1.4323936927561842,0.28145031665747755,0.45258708501064104,0.14519251655912915,0.01792479349830324,0.06849500725691526,0.49509761500451915,0.20257514534982204,0.07071492233131113
0,1.1556210916679852,0.12776435512608006,0.224157831617724,0.22705896535213638,0.06436580169934336,0.19987025917007778,0.35665066917735466,0.09865246313322579,0.05340184146786195
1,1.5913675219100236,9.201867589986312e-05,0.430187943981682,0.27866497245503047,0.01592166583962907,0.43407845928687905,0.08273543648865493,0.14489785446838652,0.043701611461419876
0,1.0430935997378465,0.26167645937698464,0.32913832916519054,0.13487023428617528,0.06123733366943328,0.43511524597231177,0.1541944891168025,0.15042471406241842,0.06415798289285858
0,1.99844055501383,0.02165431587409462,0.5249942477125483,0.11746440463859661,0.05486148989910092,0.3188648183969495,0.3485879987462774,0.14916478894359636,0.011056499375479083
0,1.9223464785464621,0.19031472310160993,0.3771570103099501,0.257395014540269,0.0016856101805691366,0.20734511202726416,0.3004209003084517,0.21773620129363733,0.015417161649808728
0,1.5467092811368572,0.27971348244903116,0.4993835741008571,0.06501834313510124,0.023986578570420393,0.5634116233989155,0.31720607491322445,0.02388747113284645,0.00648990884949189
0,1.4066107333164517,0.26890182027609705,0.15913613803375007,0.028213256275117445,0.045360238919075646,0.5776168292417109,0.2356813205695749,0.08528334355101296,0.027845011443508223
0,1.0782578509631724,0.21204418033310124,0.3142315090561891,0.14388543963202985,0.04889568874723194,0.2572762781477086,0.2726781350683924,0.1880691609222352,0.08919529748240211
0,1.5322685728408336,0.08886294889502311,0.05978678780170851,0.1838497701933146,0.06111371343805032,0.1420315423460354,0.39797960467579063,0.09593693617641212,0.11908843317039691
1,2.7798360267500093,0.030097668014141,0.0978277731253668,0.052515267988777634,0.006139948018924369,0.4699588726603448,0.275715960548533,0.14150447744474762,0.05416547333867249
1,1.0659632408972282,0.2617183051669424,0.09473894437285266,0.26392433808144783,0.025632225318630564,0.2664022940179556,0.34623555596458366,0.021012594547766206,0.07679299206961608
0,1.5084824856589822,0.16687501079193992,0.09305176958258987,0.09142545968904929,0.022382999144495198,0.5989211370503997,0.21264406226099394,0.03975217592047372,0.034874165934588114
0,0.8605569476061968,0.24914576693263107,0.506967007467158,0.039409827183695206,0.023355218335422662,0.34093460736606057,0.40289079833572844,0.12740024476647807,0.06600930401261504
1,0.5218865337753569,0.0439057848699821,0.2602730418115365,0.2654903504898979,0.04540396224689819,0.1176074048720937,0.4763546104458037,0.08284063870975296,0.012303033235553542
0,1.0925992604169592,0.2652269851986639,0.49013707028644954,0.03876517061127579,0.009121487450526398,0.3509384484340979,0.4564771994971766,0.07843105265815659,0.06626664134876686
0,0.7284190861620295,0.0694731518627592,0.43217893738078933,0.24341755677725693,0.05874828338776377,0.5524658651047272,0.06776281016585682,0.02627402003579331,0.05133146452860191
1,1.562419757328616,0.012817087453070352,0.053153461158499615,0.2336177064631217,0.09246193168390696,0.06422739722056942,0.5268294874622422,0.01589603565541878,0.0669674415147409
0,1.1409018050976498,0.27543703128260294,0.4436707682871155,0.1435241574885694,0.037443109442717525,0.5162829822541499,0.14445341972377287,0.12128147988715639,0.037014851203633854
0,0.6915662055057732,0.27096577495804536,0.06687715601438315,0.11616318504772853,0.003177746620135746,0.5065745538965956,0.18482501792142292,0.1303903769905357,0.058869119523581544
0,0.8181738120002628,0.2520753202865741,0.13313681756298607,0.08211917806840967,0.04297335782542807,0.5148259795129335,0.0651381626991213,0.24753812996231628,0.04740519193179117
0,2.086993339613826,0.15188079522863693,0.5799927740743649,0.07784233662207245,0.07793735727792715,0.42797717583183936,0.31599770588837023,0.0827472571830333,0.01749816719675756
0,1.195744646564775,0.022727549294276138,0.4427903826574563,0.17139787277477664,0.03685412339912699,0.5258377412177566,0.17701546264558413,0.03309908124710375,0.05579571871565177
0,1.678514925011144,0.2913065599916884,0.05323203844063815,0.12487478114141247,0.03014548457119091,0.554667626637874,0.12613801942724717,0.08593669907184036,0.07823738915043514
0,1.3446960320617547,0.09506356381853527,0.3399088292965352,0.31507625318245935,0.006297614062240236,0.17876854251056373,0.11325573285945394,0.26072105177531574,0.12588080560996703
0,1.1471061500438422,0.28280888695107087,0.4627922700025709,0.0674320993419729,0.05330716563976405,0.40756882184591453,0.36169158712078275,0.05528958876343593,0.05471073728812991
0,1.4023378888129474,0.08317900021569855,0.34947850324785673,0.10544203588831384,0.0625838064806947,0.5497174402598513,0.18847910091924142,0.07882747978833464,0.014950136663564033
0,1.5458898024744454,0.02862930553157228,0.3819458946344528,0.08686237727466209,0.06370146213043969,0.46696323968979064,0.19979426089385102,0.13342282880308665,0.049255831208169995
0,1.6960830835063576,0.23915013882268452,0.527964443001412,0.014866465533645234,0.01784748865340911,0.7199538386093384,0.15870733895344283,0.022129944110839433,0.06649492413932505
0,2.936554953943918,0.11212767611074131,0.2835740704300101,0.10698177498421636,0.04362439802189491,0.3790696690765925,0.33939259166646357,0.10229716907405485,0.02863439717677775
0,1.5638242173625279,0.010175157832414083,0.3691278247297766,0.11842736025408485,0.014591224233693283,0.15768431656198562,0.5297787217043514,0.13271167652704705,0.04680670071883792
0,0.8727674649719395,0.15553168270741705,0.02302845730491059,0.1457915381420264,0.012025766566550088,0.41090401240700714,0.33383214260165633,0.07000272485158512,0.02744381543117499
0,0.8164402774891989,0.25274163172920544,0.1255195936587479,0.06286341902338913,0.004240191742523481,0.5733868951957248,0.19711797824378713,0.12613452375697293,0.0362569920376024
0,0.4505744242698806,0.22833981915382545,0.09581028025659104,0.15619248947003186,0.003695127872090045,0.6542036175332221,0.14334389012564608,0.02744517156343944,0.015119703435570375
0,1.2049502732546467,0.27202525702739183,0.308576253832061,0.15681567743145083,0.04904177762432989,0.5271432426353398,0.1327026222068721,0.1140659398266417,0.020230740275365543
0,0.6267166903733234,0.21773405004502294,0.03819469022638193,0.13670496928828235,0.05243883064535431,0.5351061510165652,0.20010364897585192,0.03564185323175758,0.04000454684218869
0,1.077471636436567,0.0607737137949506,0.3325441354057272,0.28261189482399485,0.031759336256129186,0.09864966208832991,0.3997882122329768,0.07776499619051472,0.10942589840805445
0,0.8908751782903411,0.06366768973797143,0.040019355400785384,0.09937736385437235,0.04448960683762235,0.5091948025356441,0.17810931175042402,0.12350636689385734,0.0453225481280799
0,1.196815118946697,0.2036769879131752,0.48737351376137195,0.2665161792920014,0.07772408264926801,0.18683349875225727,0.3141666951791003,0.11976891811654061,0.03499062601083254
0,1.9569666066426943,0.07270431327688455,0.11237203617040949,0.17049072985549352,0.008093321009667108,0.5856012648158114,0.09651240272151122,0.10974302921351306,0.02955925238400359
0,0.5419392090051655,0.12861699596232892,0.27248007112530326,0.08541886734824099,0.09869205628250872,0.36881266647628497,0.19228568628785964,0.21046992802830103,0.04432079557680457
1,1.7251988823561772,0.28761835455617474,0.14064754762387632,0.29018163737264874,0.019991478009026342,0.3792783548729614,0.18279676830787828,0.11388800923294107,0.013863752204544291
0,0.8085895081707577,0.2964169693504574,0.5367571576112004,0.17389195073342095,0.016093275017295575,0.4524471046846032,0.23614643314189063,0.07591476125341368,0.045506475169376
0,1.1666842819997212,0.21494060409262952,0.41311463643325935,0.05231683721533967,0.07251466746609254,0.6221568296847155,0.09838459663606214,0.09891557972269228,0.05571148927509792
0,1.3977384736045653,0.14442609536616316,0.2057854128093022,0.16042246948419292,0.0007332515823332361,0.6249315270453424,0.10948662195440596,0.09520148556672425,0.009224644367001208
1,2.8355711947854063,0.017721965671148632,0.375819956503834,0.0639391184243656,0.05979943215148378,0.6719736850965496,0.07200765823700193,0.07596830669704285,0.0563117993935563
0,1.0016390722638095,0.18134964993248845,0.11810554375403054,0.10334213682078656,0.06668963324277905,0.216700012070707,0.4104060417051862,0.16797038887207802,0.03489178728846331
0,1.4460810814152891,0.09699418416436052,0.3262424250741349,0.14349493244973874,0.020726658440241102,0.6480141177164704,0.10709634219647983,0.05409857795270175,0.026569371244368097
0,1.022731615752607,0.00829133154235886,0.07486377515623484,0.10750986286082259,0.044947359821861044,0.48599995353832587,0.2726251906192219,0.04762511104535215,0.041292522114416634
0,1.3447533629863013,0.09432013610044705,0.15912365889768615,0.13828056735708955,0.010050338512042598,0.232483641585202,0.4882635842951038,0.09529169715076923,0.035630171099792864
0,1.918106640630898,0.008737084288648245,0.11806489490294463,0.04647774714031705,0.04613347256944473,0.3426518211303685,0.386832530963016,0.16078116445377963,0.017123263743073883
0,0.6603901120416902,0.1955545384256074,0.33892329967013307,0.12475464449742153,0.04386337775867921,0.41687047450903114,0.3805872450198499,0.012308494347583444,0.021615763867434763
0,1.4304051858521465,0.24863581753496233,0.17868603686375759,0.11719002486711577,0.03875520553752555,0.521618635830007,0.27146586866471173,0.00806720993563165,0.04290305516500829
0,2.0754117560706957,0.23485025413167282,0.24944436548656512,0.05555621353287499,0.02047065136209812,0.6253712609778369,0.1300361877310171,0.13413482632143414,0.03443086007473875
0,1.509751384289264,0.12403540239097793,0.01428560958057421,0.18009671949027808,0.019193611154981294,0.6742527400524028,0.10570038414783771,0.012811946005309627,0.0079445991491907
0,1.8598599544016876,0.0761360495885739,0.308599195761529,0.07880822472692099,0.051914384731404674,0.4178773817903491,0.30792663770053075,0.08867391427409226,0.05479945677670228
1,2.300520420653234,0.1439525062417298,0.4486897378231333,0.0462598411892628,0.06261343352852307,0.0746135651032085,0.6465056488077571,0.13706112841796295,0.03294638295328559
0,1.6134703462169346,0.011350196611712793,0.4631673964578094,0.16304206343276686,0.03525771807354805,0.24458407010923525,0.3680656488792726,0.14567006009967506,0.043380439405501944
0,1.3432644758682566,0.24985262833437827,0.4505221005499072,0.03496494426436513,0.07792739386085817,0.44382268854207685,0.32249265476849515,0.01846921135268098,0.10232310721152375
0,1.1715811868902262,0.24692578591780118,0.3229347075120275,0.26144129721386816,0.01289355786293975,0.1619397335475554,0.45992276211910854,0.02769614906496974,0.07610650019155847
0,1.6767876847915542,0.0649916347858445,0.43760983060570885,0.17173314514242136,0.031590791817382,0.5968621493394687,0.049953355987386046,0.07568169084992117,0.07417886686342069
0,1.4566166523497028,0.1372119825556541,0.13117296059020492,0.07684940362818744,0.03613673501872849,0.5533271196964631,0.29134708786547125,0.028411674150987345,0.01392797964016231
0,1.4626266485283543,0.2453950236288422,0.4045140483024164,0.1094480725693206,0.05209180902723458,0.32074975049489485,0.31611375796046715,0.13816220945041657,0.0634344004976663
0,1.3311076503006958,0.19253730773098263,0.2441720749384494,0.06051202910930474,0.03331401205564021,0.5988917933934407,0.1902964752343608,0.08261303447324109,0.03437265573401252
0,1.3775150605717337,0.23163525457017617,0.14603159401570967,0.14778584916263462,0.02217026470367576,0.5347767755529903,0.2629892049595911,0.013519860472412331,0.018758045148695942
0,1.1059562058920265,0.0028447225623553286,0.059148238747895786,0.15206214682824676,0.04545004259786589,0.1363264172667399,0.49723303429544985,0.09835918421500923,0.07056917479668828
0,1.442353885643991,0.22216250745663696,0.4733991971638968,0.15173411425585764,0.0015482464642893833,0.5046268482753076,0.25857116661879664,0.04532125572437654,0.03819836866137218
1,0.5995337069426471,0.03748852618094867,0.3573455047160645,0.05704175635021389,0.01841738378813735,0.17194990123186843,0.5569861673926827,0.11435149540650434,0.08125329583059332
0,1.458914175618884,0.23924574210435048,0.1088867848560899,0.15694730438336787,0.014993599275083116,0.221740814136795,0.38940050453159725,0.1508356877011234,0.06608208997203342
1,1.4147445643307428,0.08761360921345247,0.07806005834252927,0.3007263729677046,0.025683141207216254,0.14992662453034258,0.40833864913347645,0.062408930768092216,0.05291628139316785
0,0.8495880567054326,0.2040192275184625,0.538199194765541,0.20001627461361318,0.05641763797708539,0.40058282310157567,0.26276528326912096,0.047856106697881706,0.03236187434072323
0,0.7155767662019163,0.17782114399422172,0.40812701668316165,0.08480910735996658,0.013396511556510176,0.40164717173484676,0.26577583908744284,0.18652109553761265,0.047850274723620974
0,2.0814982139971927,0.02767417813091103,0.38470077969223215,0.16698841296172906,0.010448906467122664,0.43292520939755663,0.22807651949478255,0.14146492664102187,0.02009602503778713
0,0.8764324248948057,0.20872293613058088,0.5850041176930673,0.2526063032890141,0.07823191687186795,0.40092236203683046,0.0825472879465276,0.09846428632496992,0.08722784353079002
0,0.9083501990517776,0.20242173189922102,0.35398361018277785,0.12029765403693958,0.11458798194633683,0.3032530108939762,0.16870450584610536,0.2139851397330046,0.07917170754363734
0,0.9614780539559173,0.1493037724699593,0.48787665463268676,0.14645991077864554,0.0634988745375475,0.39098578434151926,0.1967959691037864,0.11305107953870759,0.0892083816997937
0,1.3286975089005582,0.14092578357563934,0.36413330577098313,0.09571939783600093,0.06784574008858738,0.5561829548700622,0.13626571232895124,0.09694973700552711,0.04703645787087102
1,2.120694380016527,0.279620084173705,0.14699573480919945,0.3178217433526391,0.07796581586501292,0.1729336572440755,0.16785028261928,0.10157131625782267,0.16185718466116986
0,0.7085591327178884,0.08972300370115617,0.14560852291386334,0.1897389395266424,0.060702014590714844,0.3270240192622377,0.3775019130391822,0.012541374389947655,0.032491739191275223
0,0.8141660353113017,0.299086376588412,0.3371664613097649,0.11352375906002,0.02796815725773088,0.5732056740891248,0.12560263946936984,0.130219463607949,0.029480306515805337
0,0.9688232667179459,0.25645370544422535,0.09979687374205055,0.1741181547948727,0.01999779818659283,0.5223050282177909,0.10611085690361025,0.14773725732588505,0.02973090457124817
0,1.414308821529208,0.09536077789685012,0.037726522071637604,0.26606885378385264,0.0025539453464543866,0.22799079670380754,0.4242841915821329,0.054725527526080286,0.02437668505767235
0,2.5962983913566555,0.13101997679138286,0.2877446794034913,0.1662190672144605,0.0250857415151556,0.33907264059211284,0.34611578948993627,0.07759809813142966,0.04590866305690518
0,1.6774894278448005,0.2783140739137128,0.47082929825965864,0.025653025551689,0.000612397656342492,0.6268710755975461,0.19259521465302573,0.13508356397301088,0.019184722568385805
0,1.1475792571092394,0.14501783877055657,0.007791968702850749,0.12616516795661858,0.05935492281568445,0.31833351649000957,0.25689510981152147,0.16039935067724453,0.07885193224892144
0,1.3873885782557451,0.15128303632286205,0.28032182884415435,0.08415730606920571,0.040493226549484625,0.3483505725046182,0.3279246796825038,0.1577365326452177,0.041337682548970106
0,1.3439414212307108,0.259947322050307,0.07046178726944727,0.0823481128632221,0.03474786243424458,0.4758187213666367,0.12654477621320803,0.25366626572870915,0.026874261393979245
0,1.7102929075917883,0.27362792241717276,0.21282237126998504,0.1584637283685054,0.003112514423913035,0.5856816534626582,0.12911982950290224,0.11261351287049831,0.011008761371522863
1,0.5590151795382221,0.13132249141665928,0.43312830187627266,0.34285059028164455,0.007702780264042984,0.37026667221776965,0.08542201502379394,0.15063371725037505,0.04312422496237378
0,2.3425339605107047,0.11371094039072592,0.42129329851805997,0.06978365170355723,0.030090714101186265,0.608408398601004,0.10871519555550851,0.14166882073740075,0.04133321930134311
0,0.7465734959264221,0.16365226404356678,0.49680246697408864,0.13661349369923909,0.06971602406535447,0.1616565345103998,0.4141033832012731,0.19809307286371788,0.019817491660015837
1,1.0304738469584769,0.11487326301137293,0.08891413324618284,0.2822214269678954,0.039221379444731995,0.15218394014352188,0.2448807738596778,0.14201653102582723,0.13947594855834572
0,0.8560750600224967,0.1172049293956578,0.39632794462503207,0.10476927459712487,0.01795683364684869,0.19466427784909235,0.3731727553955968,0.24370816660545935,0.06572869190587804
0,1.731141083682974,0.23638959117154545,0.579309476944045,0.14948953541333782,0.045224150332242224,0.4708698447236592,0.18857412809769417,0.10116337830034092,0.04467896313272552
0,1.4581364087683786,0.2538081882688826,0.3644198529337887,0.05032067619072274,0.05958849847578385,0.0798245282169658,0.5268760763821427,0.1969552049612651,0.08643501577311982
0,1.460438281712366,0.2652776245032526,0.41588549805094394,0.3044477538919761,0.10089244430941255,0.18328158278638546,0.10639369248468654,0.21642518683570994,0.08855933969182954
0,1.6417216705384892,0.008175674004135002,0.4413258726698417,0.13410072716041366,0.0594404529737431,0.3479577204974408,0.30483587118956934,0.1326016107917963,0.021063617387036847
1,1.727608914513986,0.23477730462180268,0.0035108004435409957,0.027293458361106717,0.05683236789279071,0.5142881113003992,0.35476456277747787,0.03320695143366263,0.013614548234562823
0,1.704401395752027,0.23153169794946837,0.01195715156786532,0.13668574004490358,0.012171558971875553,0.3096982893207183,0.396589693202889,0.0762863732077833,0.06856834525183014
0,1.4019754581056594,0.030500746131107603,0.4056655521516621,0.19403653539646584,0.0752364730107934,0.3161707425777167,0.18600389470538975,0.18547505386845226,0.04307730044118207
0,0.9283710270141547,0.246436831965041,0.26345585186617926,0.22292393688433804,0.01493951687293205,0.6112281850247875,0.03306736380953506,0.06364678982693664,0.05419420758147064
0,1.0861040258376988,0.24756277976619884,0.12349131027474608,0.17762627278142007,0.028758548598919926,0.4026574588444192,0.22874046227093817,0.14837510779387764,0.013842149710425113
0,1.8695039338987143,0.29589985538914115,0.5387015242698159,0.10387518180346993,0.031088383049901913,0.3699726007261102,0.32213220458943215,0.13311334419974646,0.03981828563133931
0,0.4,0.2479630360388258,0.20635850341708772,0.2080917009076539,0.06622270074796019,0.35070504970053595,0.08661973331379283,0.23074170206155256,0.057619113268504454
1,1.238756132154205,0.009604187617707271,0.007786790400960197,0.1303920962104233,0.08027645450384138,0.31139192397894994,0.3201706846933474,0.14022265900855782,0.01754618160488027
0,1.4385936979398073,0.26494787812455045,0.4882100014818647,0.20419710806800132,0.06265915650379296,0.25637058022485315,0.40255497765723486,0.0474240422487791,0.026794135297338567
0,1.0397937365821917,0.019371163362546993,0.278683840851501,0.03466805037874013,0.003585054202354559,0.568253358264489,0.2274382493982188,0.14027568931640352,0.02577959843979414
0,0.8129864462121064,0.05239549581512415,0.3325036463592341,0.12066326529293833,0.028122251690229756,0.4613493162880583,0.28706723097305503,0.05165380227968104,0.051144133476037426
1,1.9740426767213926,0.21758391839458083,0.026307257710226104,0.017824239250217238,0.0856622261068176,0.3372966627480719,0.42787907307223605,0.08299627933368289,0.04834151948897431
0,2.8521116802327104,0.21285660537045814,0.3853945017223,0.19277110458411278,0.04445701187595552,0.17024130697899528,0.3582767311903741,0.091590071150252,0.1426637742203103
0,0.9473257186698396,0.21793471947570842,0.08029711745470022,0.07652809720599997,0.022977008244103262,0.427559408603174,0.34728431721102077,0.06894501157313854,0.0567061571625635
1,1.8256293044964824,0.27112203187450584,0.29566298867885993,0.10506614929882269,0.20190207117850495,0.12589138052733098,0.16312438408373495,0.1936857213742935,0.21033029353731295
0,0.6188817066824699,0.21754392477140722,0.16104080198744963,0.1346584114412302,0.04075668394833745,0.45090469151408585,0.21549169022624493,0.10053263128481921,0.05765589158528243
0,1.4209811260597904,0.053765464659173014,0.40179785594700707,0.2661429024496041,0.04951382460458411,0.11520817886092222,0.32213420864114123,0.23127481250248624,0.015726072941261993
0,0.9195350238211204,0.13887593749322494,0.3562409760580379,0.08378943514360468,0.024131028913204466,0.4155395012763618,0.3313788721374023,0.1122598254909316,0.03290133703849509
1,0.4117043399126067,0.07861171891915411,0.10241602926744688,0.10761315394349652,0.06627436157260097,0.6584489790338937,0.06075470726023129,0.04209121621197976,0.06481758197779768
0,1.8388364996858115,0.2648706071051594,0.5203830610487004,0.16976330057372283,0.060629767566346165,0.3039250201585356,0.3575466019510294,0.09728185109125484,0.010853458659111116
1,2.671922442211318,0.1710050589920027,0.32215141887123694,0.10245619390289921,0.10101899421150133,0.5627633182028038,0.06930119286237105,0.03275462274089273,0.13170567807953196
0,1.203175767805606,0.1951448753984921,0.09389439993930208,0.07170251851512986,0.048908913367474986,0.3757266373857346,0.39673626958956326,0.04510998472111053,0.06181567642098693
1,2.3773099674964318,0.11531647071601803,0.5105258614812053,0.2550520692897342,0.08149008781088762,0.432911753136848,0.14099128528637853,0.06776435157736703,0.021790452898784684
0,1.7847390518621737,0.1871098315240183,0.357369942339761,0.09035290473337787,0.018623488798207466,0.21956177736046528,0.4211354640400404,0.0593368244814208,0.19098954058648823
0,0.7845428981607692,0.1743796300034967,0.2521942835350916,0.11410045393101033,0.04851158642876663,0.19534877102218848,0.4137372840546901,0.14100828914675992,0.08729361541658437
0,1.1463753544687982,0.08616630297589802,0.398573332205241,0.0775072474451777,0.021035770706844904,0.3817865527291449,0.2902103802186612,0.1712082531308716,0.05825179576929979
0,0.9986235273507247,0.028580432691124577,0.26921612748381807,0.20713686379494095,0.04052519208743113,0.461055259026248,0.12982306391682477,0.08501728335891884,0.07644233781563632
1,0.7167443141630125,0.24031807047047318,0.10141740731495716,0.399323887912531,0.022080949553957303,0.12155168985777622,0.16988183368069332,0.23431793760599942,0.052843701389042756
0,2.0854915307362236,0.21622618765929927,0.43504126444484914,0.10035818240322122,0.029419896907057933,0.43790238195908243,0.3149443982273029,0.10741527432399774,0.009959866179337747
0,1.779921244282324,0.23994553751960412,0.38124292744192406,0.2697441858777867,0.012122302290866043,0.3400643011011007,0.27029725131381394,0.049893259224030234,0.05787870019240237
0,1.2108544912273758,0.14830148286643882,0.22158881912269796,0.09115215295867764,0.05665554738853982,0.22213747619077995,0.40907697601404275,0.17529840047995213,0.04567944696800769
1,0.7448983579263636,0.010530919743331235,0.16447567496872062,0.02823367183124981,0.023150367023492283,0.5250761294770618,0.35087953631233215,0.0181924206624352,0.05446787469342855
0,1.040872136225111,0.07658734993067208,0.5318380748567505,0.1609418843387537,0.04290778884689454,0.5594668789851966,0.08241358357217138,0.1320009064663591,0.022268957790624693
0,1.436835708269526,0.06532089257523219,0.17013257782144794,0.0904359576570297,0.06023733726570445,0.3012667629904435,0.3725361069445283,0.15714783596194246,0.018375999180351467
0,1.3380862360422034,0.14280906952078065,0.4955588656242825,0.09599997186859821,0.051827105587938835,0.505359662016437,0.14023900000289444,0.19514611757339043,0.011428142950741071
0,1.3257967467760896,0.07390659803415606,0.5974907632509928,0.18069375800325854,0.02787635613368995,0.483969794177788,0.12678245308546435,0.12308073855310106,0.05759690004669822
0,1.4988357568441248,0.1756360190401061,0.11121274100132579,0.09344445179953523,0.03028164496583658,0.501996853484723,0.33588466368630765,0.01689756715354518,0.021494818910052525
0,1.6309313134687655,0.07981940309563326,0.07196865451937329,0.2560706370458662,0.040642783764902574,0.46998040943551966,0.12083829374502779,0.06848336914430994,0.04398450686437393
0,0.9139200786764793,0.15014627286199198,0.5830468004010857,0.25273748946468927,0.059828894348118965,0.3328550276979293,0.2180560479247998,0.1182663847089143,0.018256155855548198
0,0.9043636680649284,0.026038938595036608,0.45773690259013333,0.19838243957466806,0.04364146983485361,0.09647680578440776,0.36007222408322537,0.20853551874549528,0.09289154197734996
0,1.1656616303923943,0.08074715341794889,0.0567010275304169,0.17274445561425997,0.009236760776312209,0.15192862357428646,0.38331758098981916,0.21637277024895107,0.06639980879637107
0,1.1087462160116126,0.1622250625138509,0.315677856032356,0.025742898077556472,0.03565739911935534,0.538765933057047,0.31754563406333797,0.07226660758072147,0.010021528101981663
0,1.6785643806831927,0.27534143275312883,0.3265515301962008,0.24370324027403822,0.07113986769184558,0.23090118956469782,0.25938776721436785,0.15874254520814146,0.0361253900469089
0,0.7854526975116982,0.1466804828065575,0.5770116783944729,0.027583889531786452,0.0477330986034992,0.5325044565315327,0.37050888425454115,0.013102793698103665,0.008566877380536816
1,1.4921225612698557,0.20299934336152936,0.08707139639139372,0.24879700878188812,0.0541956731530306,0.24835760411271732,0.2634753403638158,0.11090724563457159,0.07426712795397654
0,2.0577808856693647,0.021807187135244644,0.4331115615335153,0.03850367618806126,0.057499082684170345,0.5912245071399368,0.1098238681484534,0.16189854826136515,0.041050317578012974
0,0.6972019928243967,0.21646529600105546,0.5067414926533481,0.1309261192789672,0.02416987657560051,0.4380122958981132,0.34345491238830306,0.047583020544866954,0.01585377531414912
0,0.6890935867246186,0.03884417273213587,0.523832908873778,0.15233170482282327,0.00910291216060357,0.500423969622548,0.19670215834379437,0.13450363706737634,0.006935617982854488
0,1.5464178481678486,0.15415828812289475,0.27229559036657386,0.07594932901979908,0.06713055439885164,0.5198032082019045,0.18200583051665106,0.1179452799948751,0.037165797867918626
0,0.813318698181769,0.18395897236443645,0.5761585137783014,0.06083186359522347,0.007873256124929508,0.5889618826937966,0.2233546167735976,0.05765807156745551,0.06132030924499731
0,1.992982782352882,0.0858451627684246,0.21205371797673925,0.1410144792529143,0.02414814593043473,0.1897627768382166,0.5206464288036463,0.03663879697994728,0.08778937219484066
0,0.5761317864805451,0.2636952353590518,0.46181874030085923,0.20522895282333306,0.004206452288886184,0.28251528806888193,0.3435784012829852,0.14995076712076336,0.014520138415150152
0,1.5646293944908471,0.025316960136251853,0.17921760925946964,0.04896441429631497,0.023845739583376983,0.6245024952463384,0.11797150355868247,0.12139988220632716,0.06331596510895995
0,0.8171422669146402,0.19887850954919134,0.10852999545159592,0.06738218214831836,0.04239619286121917,0.6084436400613847,0.11950550219534875,0.11078344370599329,0.051489039027735564
0,1.083776825722623,0.19181684422372278,0.36608199314585427,0.0343178960000454,0.05862555132458173,0.3673393133536505,0.34649533342626215,0.13221167683127777,0.061010229064182506
0,1.042422479229498,0.09059463989928614,0.08942015114063435,0.12096595724750601,0.03194536525692261,0.4853923919421139,0.22686629026942848,0.11716299848301806,0.017666996801010804
0,1.219049159141764,0.09150592842396482,0.06763166749924943,0.037270468248410474,0.00302450465254581,0.5774489435103101,0.16624253109034826,0.14005024745348113,0.07596330504490437
0,0.9896054062533856,0.12630738574358466,0.1684103203846609,0.13536413520204651,0.026555364119840698,0.563238166175071,0.06885659427326724,0.193721995055104,0.012263745174670361
0,1.0952382091082282,0.20106201228902335,0.18846839594392292,0.20185975061569486,0.013766608413186141,0.5186176291559178,0.04306494645308225,0.1463006308527411,0.07639043450937794
0,1.1794255272646166,0.1494215516075957,0.35903057615877315,0.2993249637342762,0.03338692481828088,0.13740076084858333,0.3676261942505697,0.14772925303865428,0.014531903309635465
1,2.2161294437008134,0.29224132976856465,0.157219000378784,0.04092041766931862,0.00396934417091865,0.6636449305556521,0.08433090457623806,0.1523797221565955,0.05475468087127713
1,2.021683632668552,0.0071579228175379095,0.4124622756006748,0.2884305197804968,0.06011806800214765,0.23664996886412035,0.21773132585312893,0.09975213559027948,0.09731798190982673
0,1.558671048487461,0.2626567593217331,0.31051326001247653,0.20159809322550148,0.04923536841885065,0.377271959266369,0.26195937394713303,0.0555503239337439,0.05438488120840188
0,1.0390499173270267,0.2659617240401727,0.5927221746947997,0.06994186674381224,0.039054264206979446,0.5006061882927235,0.3048020766129097,0.05603077127930312,0.029564832864271966
0,1.1503995073185922,0.00617698833715391,0.3202994056276037,0.19312837479444425,0.018963658813277353,0.2840409508377989,0.2483747354839859,0.18250606986621723,0.07298621020427647
0,1.1066115145682702,0.27987945480471405,0.06197270337160107,0.235450147215597,0.004136179369202522,0.3686597573255804,0.33727688631958475,0.016782812460952222,0.03769421730908314
0,1.2887431514768566,0.2247051612917612,0.09445756295734038,0.18728606990244054,0.02324317732507269,0.4836603741426058,0.18587238581315274,0.0789252105237846,0.041012782292943625
1,1.7205040290070999,0.034185580641783016,0.3058095592468068,0.03913021648926899,0.0796340918835502,0.13673776833596132,0.5225496021668103,0.14380422029270487,0.07814410083170421
1,2.1567388295297882,0.17022121458164896,0.041182218041638484,0.24313173442456018,0.04162580638046762,0.14430196271182402,0.36421550965267396,0.18448760747298848,0.022237379357485678
0,1.0601361256902266,0.07106498579094617,0.3348851309407457,0.13608599323553286,0.03181850799902152,0.33750275809415936,0.3139719238086666,0.1720265070737758,0.008594309788843906
1,2.733554266259304,0.10990126754303925,0.3819382247355279,0.2643528332505897,0.06991802021003188,0.1884684929487846,0.2509628138630538,0.2049603348111559,0.021337504916384135
0,1.5898941540065286,0.000383122855240825,0.59888433559769,0.14605005747379923,0.08619239870814716,0.10836680599978761,0.365505147560863,0.1912333362634748,0.10265225399392806
0,1.9957315883995586,0.1111059406037428,0.305573067764017,0.14668858935374374,0.007427540117525313,0.5371167607988369,0.22936462384989012,0.06511561503603848,0.014286870843965687
0,1.2635832306975343,0.08029436653861767,0.24789249308228267,0.1552213466657347,0.00964624527997411,0.42310988303337055,0.317620928304172,0.07201159849890088,0.02238999821784781
0,1.7553269579932547,0.15774138368121163,0.31590277960918245,0.15362050881942327,0.039757654109392276,0.634642023673226,0.0831054370571615,0.021209052071376067,0.06766532426942105
0,1.4890926995584228,0.13735852619519054,0.4203560366363196,0.17911098836543565,0.040769563172303146,0.25241348303845473,0.3792540578556881,0.13776697156903372,0.010684935999084776
0,1.308169992125953,0.28419423798868176,0.49394672867025097,0.14944183368018638,0.017854512102512408,0.41240114126508154,0.30907966494101813,0.10571521304287643,0.005507634968325064
1,2.330278833319464,0.21579343280573346,0.1926207738569853,0.22190155639239828,0.06641238500235769,0.3517132826356128,0.08468866837505386,0.22850588031374627,0.04677822728083116
1,0.6643637932774189,0.05227978560078615,0.15236419704144247,0.0754964725458793,0.057026817873982165,0.2586534987610701,0.5454074412990997,0.02037955262094729,0.043036216899021554
0,0.6680223543417388,0.12029276586233706,0.0091251650929979,0.15036282277145688,0.05135112049895401,0.6048815255671074,0.11569340106065523,0.04725765752409891,0.03045347257772765
0,1.1852290639405556,0.16903388549111298,0.5064027884000988,0.14074132295934538,0.07210691639270025,0.1955447166957141,0.460544209957827,0.07939566957017415,0.05166716442423912
0,1.4378082573502895,0.01874093700455971,0.5551170991226456,0.02715318330834743,0.00041042381455069955,0.5924665310733561,0.1974812337899178,0.13591565166967445,0.04657297634415341
0,2.439090513523396,0.2715333476944944,0.1282440910310737,0.15021914689167462,0.04488220871701203,0.449457894042057,0.2971898131385652,0.0057158165710111085,0.052535120639680175
0,0.4,0.17169487652720222,0.2619670118262271,0.10115621192738644,0.04421051036279282,0.3737439006906616,0.16375745250793178,0.22404447821895412,0.09308744629227327
0,1.2697034295556862,0.25188201579709446,0.4271021971927928,0.09610860798820192,0.06436241749459505,0.31746083696786087,0.34682438194483023,0.16148391357658767,0.013759842027924385
0,1.6919978296320357,0.13802758480726807,0.5644162210362323,0.141311101557063,0.003059356122160886,0.3139565671579899,0.368712740834534,0.10182509062992834,0.07113514369832412
0,1.0705476848115798,0.2301360658416404,0.1814291870436335,0.15768401293272338,0.06684264563442788,0.33423663332881554,0.39315160593019344,0.029008938668550782,0.019076163505289064
0,1.053445776827801,0.09475444168371432,0.4495257468034284,0.19328188256017245,0.06624048655464444,0.44719821192322246,0.12410637667663674,0.08675680818000962,0.08241623410531419
1,0.5753743986393989,0.05009663184604394,0.23976852916517621,0.17785568780440622,0.11836183697325046,0.4095071113060277,0.09867612680467672,0.13686238665687728,0.05873685045476172
1,1.9448999218823833,0.0890944676401527,0.3669457654151005,0.28232983370121173,0.0474352467757716,0.11958961554111247,0.3242463079213966,0.12100577203757507,0.10539322402293264
0,1.5745103559403173,0.09218265327900911,0.12210415362824656,0.13758299428527665,0.006961632008262807,0.5530726899303487,0.12297556391769295,0.17112498324590572,0.008282136612513062
0,0.8748165029093034,0.18358159352377879,0.509868136186055,0.2304096135736197,0.08765624680152279,0.2438525082498949,0.2610246574409821,0.15341744382730396,0.023639530106676365
0,1.6114476810454716,0.17388527776873855,0.2609520896975807,0.10308749546353997,0.06587352531101384,0.5311208994464235,0.22100747075972374,0.0274416771537526,0.05146893186554637
0,1.5053723504710463,2.5220031052475277e-05,0.3904573798918158,0.04685013848557933,0.007137441573272611,0.49699092650874077,0.27453394298132916,0.12737487386937013,0.047112676581707966
0,0.9077703992068991,0.25166213549853816,0.46232651316416956,0.14167602902129817,0.04825051086236466,0.4485111864129037,0.30245444283149503,0.030018146290425464,0.029089684581512922
1,1.5231581539423509,0.042837678029373,0.08951789806855683,0.28479060248757443,0.032631445199306344,0.19827595065024023,0.3073830752114449,0.14733092379431967,0.029588002657114358
0,2.731378134021786,0.18459166274546607,0.4734044840338254,0.06718486440093746,0.05694294979945657,0.6525589715475283,0.10461958138670473,0.04472795166199227,0.07396568120338068
0,1.269420703181114,0.27970841968618526,0.28555724903877994,0.14676343484430054,0.058080900080222195,0.5177645574270037,0.19055478074209248,0.039293235299811165,0.04754309160657004
0,0.6097243116147796,0.019079809375144228,0.37378278435455076,0.21574448881645245,0.027528894614172333,0.3459934201114859,0.20666578322766424,0.1444489715189106,0.05961844171131437
1,1.8488547554020385,0.17134904683551497,0.21302177299057315,0.1905436562119492,0.004597293457998755,0.5932567131168862,0.035266493961894664,0.10352106213920119,0.07281478111206985
0,1.170149550383794,0.2714857159648434,0.5207403326855823,0.19013965780667494,0.024037407604920815,0.16959538650272946,0.43675832058777686,0.16776703486667272,0.011702192631225293
0,1.579001126709975,0.20493011579642662,0.4858775163679634,0.14501976541252534,0.027085024801692024,0.4393958682059344,0.23432953831205977,0.13504614447648455,0.019123658791303896
0,0.6911472837521435,0.04790803514838644,0.2959213197154839,0.039280758278780865,0.03602659923192578,0.3273443898052034,0.4108317936261142,0.11225956013203135,0.0742568989259444
0,1.0705353372249804,0.03105247564191764,0.4939330699710137,0.04763642155846871,0.03912507237199119,0.5250996396351374,0.20353951995011543,0.1458884940466323,0.03871085243765494
1,1.1924561683678019,0.29691728721550703,0.05813913332090523,0.2910139791754663,0.011811414752845995,0.40555862228204914,0.055461615692043754,0.16117857668325336,0.07497579141434157
0,1.1092777628138628,0.28071115243982614,0.10464425933195894,0.1522589978228556,0.045486057195906315,0.3933422329178914,0.2572326785003471,0.10898974762103014,0.042690285941969386
0,2.437354524755636,0.20483551381308762,0.4449071087152612,0.18902494522488325,0.00862190594614871,0.2214041537242903,0.37573105452863126,0.11759040687503887,0.08762753370100752
1,1.1913715186771752,0.001801548033993361,0.21277702313199698,0.08500396097868673,0.12307225764102601,0.29212132146161046,0.04798647252550365,0.3038034868967409,0.14801250049643222
0,1.3425918826859187,0.14588262962701556,0.5472143462808786,0.13315873557192426,0.0775294340793772,0.1923998838850766,0.48849123808428846,0.05308733542740074,0.0553333729519329
0,0.9210102497925056,0.28666864878063975,0.46089338229795523,0.09400632319773031,0.07001414383335933,0.5571582764945984,0.0748699314621909,0.0880168184576324,0.11593450655448868
0,1.3092557327643712,0.0483514552624631,0.01829028362494065,0.20913537706585228,0.05776413862818303,0.08615196139083979,0.4833507235829774,0.10121724472193154,0.06238055461021579
0,1.1254539208896568,0.16102194359088343,0.488238236267221,0.16798186055015146,0.046321313449232224,0.2714045032846181,0.3960523434243412,0.10227780173474542,0.015962177556911518
0,0.6167602869242819,0.040121703159822185,0.4675660029023019,0.1519079739920094,0.05376153369866744,0.28176815535787963,0.37191750667662393,0.09718902277164887,0.04345580750317076
0,1.2976351288054322,0.054290211291894465,0.4414229629739504,0.11300641803726218,0.006694130978321785,0.5265273184981024,0.1356803785649213,0.16114165844734601,0.05695009547404631
0,1.0231495543048903,0.071905716680732,0.49718688835871994,0.08619973614867134,0.013281100262307943,0.546462013904181,0.29108827101981055,0.04718193612870169,0.015786942536327474
1,2.3533319652985543,0.27269706963895696,0.011510560400938586,0.021909755112545823,0.057167859515063035,0.7042392674018599,0.09144398221688266,0.10705857292764262,0.018180562826006122
0,0.6635021444810323,0.07253029116295329,0.36896740517441845,0.11086041690067606,0.06548928811456355,0.6293360856320191,0.10348200343254196,0.04755553662427971,0.043276669295919654
1,3.101900771214982,0.09197318188454061,0.49628820911727256,0.2232784658391087,0.01421822654616541,0.5815029828377255,0.08592611623987162,0.03046803452142976,0.06460617401569894
0,1.1045125717070787,0.1636794447272624,0.246844587206552,0.09665943894669446,0.02736459355795973,0.5836735201589207,0.12661885834549466,0.10594188127227844,0.05974170771865205
0,2.2277870286141264,0.11621975635383787,0.4188176382016258,0.1928460593740549,0.0034158935272944014,0.550089601067786,0.06807618829137935,0.147497195208663,0.038075062530822254
0,2.9420815346873606,0.24698779699993556,0.18306791219413143,0.055077331421110126,0.019319305955988287,0.38085877237698074,0.3560244237020776,0.15139285410955247,0.03732731243429077
0,0.9322682029555625,0.11081080070359724,0.4610218435167821,0.038009125277868434,0.06025783134841832,0.4079686955243744,0.2773968270521562,0.15329083234386756,0.06307668845331514
0,0.620109649969062,0.1013780650454065,0.44299303684619723,0.0728226703073411,0.00888351346161884,0.4952361205947446,0.13539027804710466,0.2683803047138315,0.019287112875359256
0,0.9599570744524857,0.07838189997887186,0.5200254164604019,0.030035772454682533,0.03341095058198357,0.6581841064313622,0.11478346203533112,0.09655983003998796,0.0670258784566527
0,1.701156057364805,0.14390233587961163,0.22850658135181806,0.1754879463964804,0.02751434706712687,0.5763849458021991,0.12550608264801721,0.07905131881792786,0.016055359268248578
0,2.4414500470377756,0.023095982936729462,0.12475383708164467,0.11216923067755132,0.027763705977872442,0.4935865419698007,0.23374369939195644,0.10042770023334323,0.03230912174947597
0,1.409569479559638,0.25749752669682147,0.3763299173688345,0.15392232986041884,0.046907547737999496,0.4727121630406519,0.08557778567972818,0.1864247907599619,0.05445538292123971
0,1.3665964326475917,0.1097535584095729,0.08728286378337081,0.22065102489560848,0.015812357611232026,0.2087094732102167,0.3869526404326386,0.12499879530363708,0.04287570854666709
0,1.2439331311043915,0.1837805854846656,0.0357107200142281,0.12467897064974444,0.07609073759735398,0.2622712515941776,0.3490248866822853,0.11286662132262462,0.07506753215381412
0,1.0470243328531237,0.1979100454125979,0.5475636408706369,0.19917188489446183,0.006683806279795296,0.26870103421998426,0.38603435328137786,0.12317627877992202,0.016232642544458786
0,0.751758177666992,0.0099684012811853,0.31703434208578735,0.13287721194250648,0.012948517665320824,0.32207895853690166,0.4196484869289339,0.04104894559461795,0.0713978793317191
0,0.7753810308273164,0.24651719490446986,0.462244462362808,0.07193659670671335,0.03773894763377309,0.5075741048219622,0.2186242576642671,0.11619411317477009,0.04793197999851435
0,1.5229177769445803,0.13223611505778635,0.590433099638422,0.19778452468916163,0.026131892194337734,0.24102806440249921,0.36716733952651204,0.11041212747520593,0.057476051712283406
1,1.026580080522773,0.046857642103758375,0.01720936597192313,0.2215572050053078,0.032766846346086696,0.19009016446004387,0.2698450596109762,0.213810511225611,0.07193021335197441
1,1.3564375573979854,0.039402394939485386,0.19352380096415908,0.020254538099674715,0.0012593640734346644,0.8021169941321494,0.05051420332061039,0.10817402316188253,0.017680877212248144
0,0.8305474250829529,0.26134444095728065,0.46009791007696677,0.11839488042127566,0.040873298492342926,0.5656154963875232,0.23482912941027015,0.010167605472413683,0.030119589816174342
0,1.4215335104944145,0.2427117539043929,0.07279574116703395,0.13014049755386053,0.04403172930347237,0.17384540369588716,0.31940038168274276,0.2702881338308119,0.06229385393322533
0,4.084972306117954,0.15827923589666035,0.48025981399202716,0.13739241488763257,0.017954237551538774,0.263094088021023,0.21727931039183002,0.23430520994488066,0.12997473920309485
0,0.6713076262240529,0.19277297292095155,0.1981438687011717,0.1985802433799188,0.012278022793436703,0.3854279623034252,0.14548797905379884,0.2045373164798986,0.053688475989521686
0,1.7863121417576049,0.1402572004905104,0.038039804981189175,0.06334317360360969,0.01517648339449408,0.6355456971095158,0.17466653911428767,0.07475994146674711,0.03650816531134559
0,1.1271724651572406,0.1884252969041614,0.26648045812434845,0.22002454241159466,0.06331225753079926,0.15037255555277063,0.38986037539969576,0.08226881412532537,0.09416145497981429
1,2.815493878635516,0.008132142811617681,0.5273066570980823,0.0599585819656949,0.02028247154175606,0.34720047907688417,0.3019083244869338,0.1979404464179824,0.0727096965107486
1,0.8846209806639052,0.13977837807582988,0.2672838483605633,0.3558957380546128,0.007957098052383706,0.16379596635268615,0.08306338995852869,0.36171962513901074,0.027568182442777967
0,1.2595476349292936,0.052300268067209,0.4808569949313942,0.2136216962831501,0.052220136181583734,0.46135665292734895,0.13067912553862812,0.12214243257927722,0.01997995649001204
0,1.377871171656516,0.29802510152107864,0.45284181355970954,0.10752819962456181,0.015433936170705568,0.44581187583274823,0.3110567580285947,0.07740234274859542,0.042766887594794245
0,1.2246131616970328,0.08510298454864268,0.5930341546489494,0.15657208660889435,0.03014421939576774,0.4614853624594234,0.2277767921886574,0.04972052471777314,0.07430101462948396
0,1.318335283107798,0.027535690459346195,0.39457171913989525,0.1308871573158518,0.06012557916263138,0.5858305157487592,0.061798395194049824,0.10740128564252856,0.053957066936179354
0,1.246932821383584,0.06657110789180372,0.19963900110134286,0.015657088318010732,0.04085838102839533,0.6055788933239528,0.17643467366922264,0.1470883853560301,0.014382578304388586
0,1.2983448002093345,0.21026602466541414,0.12768928635885474,0.18366258047412562,0.07018156273983167,0.18034324227064288,0.3302000843216634,0.144901462234911,0.09071106795882551
0,0.916399321325087,0.16654517334464697,0.0663404504817362,0.21117474453287824,0.047588003252067294,0.11281502691110844,0.5070888770565977,0.041320518388565854,0.08001282985878269
0,1.3993774041959912,0.2079712014759846,0.4597023386595215,0.2540379754336163,0.03813158050241857,0.3954190689659947,0.15064517584325277,0.13139927752372674,0.030366921730991123
0,0.4,0.09485436294612605,0.5623454088847414,0.07448711954435201,0.08911169807450087,0.153776116035598,0.3628520185223031,0.23331223436327148,0.08646081345997457
0,1.0028865790395485,0.0697810896919222,0.5177015116570195,0.03838836526456227,0.00021981775479956863,0.258665796615773,0.39206035881900875,0.22515337084923168,0.08551229069662482
0,1.6380320717025483,0.1534222742051742,0.28144960563412885,0.03706274314802195,0.04780678040757841,0.5059311118933176,0.26961812068812446,0.09045757457266043,0.0491236692902972
0,0.8608879279958438,0.10734406120957893,0.15683305157092473,0.14602515209116415,0.02383013699500289,0.33981777985365336,0.38639599675474273,0.07950695598145814,0.024423978323978742
0,1.5821492213087631,0.21902198433476852,0.4089988033081185,0.31875745052412774,0.08120138219952774,0.1604595562059227,0.3524116791916901,0.031058011343105943,0.05611192053562584
0,1.443621433864892,0.04445980637648501,0.42185772039309666,0.12347104367121549,0.009491366296565803,0.5966738545065928,0.2295676372983473,0.017036003458273583,0.02376009476900508
0,0.8403577339625395,0.2399494465210844,0.07041159900879208,0.09224561839674,0.032011322287015954,0.3663125485661856,0.4102287822958706,0.0738988980137936,0.025302830440394317
0,1.4497335267763187,0.0008385174019330255,0.07412515481059434,0.18213532823808487,0.05169635425490924,0.45442199878240075,0.12294713748926517,0.08671544279501853,0.10208373844032147
0,0.8240257234598898,0.1499685591094914,0.5224956927231735,0.10366523652137631,0.042898888416124596,0.19021641288436744,0.47192681916768175,0.10251293220991363,0.08877971080053619
0,1.0245974822338335,0.08757117004010412,0.2930070087697872,0.266558386209469,0.005550632533249463,0.06611817569780815,0.48466032336828563,0.08956532657124568,0.0875471556199422
0,1.2596314893367133,0.2844376471061271,0.2372114351410739,0.1606863214489213,0.08758681502807397,0.09383401163502349,0.15015581575909576,0.39315807710168554,0.11457895902719989
0,1.938008904529951,0.18395694604508567,0.2600645809406726,0.09435995169420212,0.005163694464048527,0.5774280269414449,0.20848146124787537,0.035461016319812695,0.07910584933261645
1,1.8689316488441978,0.1121304455274999,0.01756737353632851,0.031450910949268246,0.032454876690041816,0.48930803938657247,0.2972451976553822,0.11866223838715916,0.03087873693157625
0,1.1040458877952848,0.17970967574648306,0.5513404562669131,0.26905915160010124,0.06707587076664348,0.06934280677155188,0.392044817442023,0.16003759396712863,0.042439759452551636
0,1.3533074154702016,0.05036927325713673,0.5075303804441037,0.21076543317083382,0.08651383753935568,0.15702083597035715,0.41750415352571285,0.07763882638191223,0.05055691341182835
0,1.1070709775362113,0.28000020096649525,0.5368640893431829,0.07104362795985597,0.07667339239501357,0.5505210565629601,0.17926453475260515,0.10267381273293924,0.01982357559662604
1,2.0763193201629746,0.07959814688973922,0.15047009455166724,0.052654918031023415,0.028144803141503565,0.4717305915329307,0.28501962266691655,0.11566092174863397,0.04678914287899189
0,1.1480220540650632,0.2716045047004997,0.41436664954317765,0.20976668681728602,0.08811327451518662,0.17695816091283711,0.39000443619057107,0.09098301930742705,0.04417442225669214
0,0.620254646359775,0.21774054504854123,0.5930130098621859,0.05954016142311799,0.05650133244656468,0.2901928384569854,0.4951394750722865,0.08021648165025098,0.018409710950794387
0,1.774897831059448,0.006625901057526462,0.3911889148020475,0.10431678064205781,0.004372967614752954,0.4881306870587814,0.2453809838371299,0.14073818482880285,0.017060396018475123
0,0.8585891610332572,0.13966752051930512,0.33396973213685216,0.1317512939465635,0.024043456597126294,0.40814575371951073,0.24894452651605456,0.15481309526220263,0.03230187395854223
0,1.4818347611747509,0.0037991776151898634,0.3891759228805571,0.03093441840562716,0.024397029994178348,0.6139299075462232,0.26771618719956813,0.03556401082580851,0.02745844602859461
0,0.7842346797518953,0.14799119927127524,0.29084078527901497,0.12029820770580923,0.05653147619514494,0.6189557250749843,0.10242650022745808,0.07522822598793927,0.02655986480866408
0,2.510791218298756,0.2394873353848364,0.5865773146665882,0.07070579571183114,0.0490185308664303,0.5521607436908902,0.22993710907384626,0.06507500802600898,0.03310281263099311
0,1.1366464573032173,0.25401038942878945,0.4239740536912052,0.12071122496119513,0.06069212764846344,0.25436606960038316,0.3790227661347373,0.13232724479652982,0.05288056685869105
0,1.0349806532931898,0.2997839201879401,0.43803809164292046,0.044175758987188785,0.044957190869992184,0.6983450394836056,0.12397289250902635,0.07132916937582715,0.017219948774359874
0,1.4896547481332827,0.05361184661350127,0.36650898127283943,0.2259485456267394,0.05116082606235318,0.11018077058661832,0.5067430360001963,0.03879406097935861,0.06717276074473402
0,2.006511816768539,0.19321096292981138,0.5428129947323865,0.07416389126645292,0.018920017223451383,0.5673636860936715,0.11474457674656814,0.17459134766796217,0.05021648100189394
0,1.3474912500881056,0.18670545617268197,0.5194634035493941,0.16026968823065252,0.04954522078110295,0.411059108218612,0.281845208709847,0.07672188801095127,0.020558886048834168
0,1.2200028069949123,0.15737385999804288,0.04068853805510024,0.18099553642813632,0.05036761272654885,0.36398531108191845,0.2505777825812786,0.1145728833215278,0.03950087386058995
0,0.7735537836528446,0.2239953213980422,0.1579144301500364,0.046803303676332404,0.06465156607063682,0.6084317016444505,0.12578848353238192,0.14042017778150973,0.013904767294688578
0,1.444525536647065,0.09379714108842652,0.5968718964359255,0.018290275856148938,0.01864077418715358,0.493338098440258,0.30264552329439176,0.11665004406450055,0.05043528415754712
0,1.7793199365077546,0.04596076311869317,0.3251017400319057,0.12004970055527464,0.03789260803568683,0.5115778038869104,0.14407658129488254,0.1410004956108083,0.045402810616437306
0,1.9406154961430016,0.09932019860055995,0.10164124813071704,0.08904403809589163,0.003042097124030267,0.5231591921326142,0.18726109457757925,0.1489289044683235,0.04856467360156108
0,1.4813335492906212,0.1317140309171939,0.2256212139877044,0.05310747719328382,0.030116392915956882,0.6801477047261509,0.08615210343272652,0.09050105000548997,0.059975271726392
1,1.65063658837295,0.009407715425716612,0.3567591487282495,0.043873657299225016,0.0811348963405791,0.6126317413052911,0.03372741027131938,0.1855808933674343,0.043051401416151144
1,1.0743764976502388,0.20005924455851862,0.07857697995796009,0.05837046628101389,0.00654058264344455,0.5737045717643843,0.04972763275189127,0.25507222660508216,0.05658451995418378
0,0.5663302772789707,0.009783648538180433,0.13036914509918368,0.14510036828455564,0.011658493653564892,0.5720971114881424,0.2216830849825807,0.0315872344879066,0.017873707103250036
0,1.3840740102949165,0.24937059629767483,0.19101980054519754,0.14075800035199068,0.054117956503250374,0.4600132374078423,0.06408232588834113,0.19840507800999574,0.08262340183857983
0,1.2362712769613893,0.08330726327864994,0.26411061398507124,0.11211755626155845,0.020445563812282803,0.5067323067232214,0.23691323705766695,0.07474625438794524,0.04904508175732522
1,1.1071277880078134,0.08064084825959311,0.014082522691542908,0.02195710132359954,0.06944817524732133,0.618082785244564,0.05459767909502906,0.15372961032868404,0.08218464876080203
0,2.7948805704151964,0.09968075254371779,0.44286137077695903,0.15220021973386685,0.013082078084713442,0.5700746231151345,0.12610857968868014,0.11934876645769724,0.019185732919907758
0,0.8476835951392824,0.11428857524500474,0.09494335854947067,0.20618274003634393,0.04117585128265743,0.4780462881429891,0.18826936529831992,0.053834501038699266,0.032491254200990305
0,0.6423247249313263,0.1788441157139684,0.08230891435017729,0.03321751445319133,0.0427340448210668,0.6792572299246417,0.11741157991335205,0.10734290805735974,0.020036722830388317
0,0.8635787986901976,0.20227712796322966,0.23200482932421415,0.19275137043195636,0.09426979592227466,0.4211215396204222,0.12231130115103221,0.11977219770035268,0.0497737951739617
0,0.8828851678744312,0.2372992453175386,0.07020793157193143,0.12540164726654496,0.01881880624029063,0.5922129297305868,0.21035319423887225,0.023583144927508844,0.029630277596196585
0,2.0541087982159203,0.2709575959198573,0.05172267880585624,0.04247551873544783,0.014891584254571832,0.6393306977305868,0.1653771165579083,0.09645616214557834,0.04146892057590687
1,1.4122281839925424,0.06146937321563378,0.1821152835555538,0.022838495971069066,0.02366859593734442,0.8264296825907379,0.03187289388116248,0.017562423158257515,0.0776279084614287
1,2.0820757241342007,0.1833740634616686,0.22355519459752915,0.01960045973614614,0.07935240831273827,0.2913621624363577,0.39600269837619323,0.14834860298590702,0.06533366815265766
1,1.8908242243958808,0.299144687921558,0.33418526717660907,0.2060406692928411,0.05629385235795757,0.6207139451439964,0.04306462740264505,0.04049273929485993,0.03339416650769995
0,1.630141018390801,0.27547704096294595,0.04798923187763473,0.10429462772072493,0.09214172782931716,0.5297497879922481,0.18252107330728562,0.06338140013293206,0.02791138301749215
0,1.0725419459303098,0.04521563782766843,0.26086912188232875,0.04911904514285782,0.0678763492961138,0.3787724577250939,0.4467246105181028,0.015355676768104882,0.042151860549726756
0,1.513218498522824,0.13635892705439348,0.1086659243355724,0.06637926040274317,0.008647405429439224,0.5202337317460721,0.14973043545061382,0.20929470063629638,0.04571446633483513
0,1.7639875876326645,0.24076965590682659,0.17513790589480605,0.19707618718381364,0.014952644783485533,0.34963731697145467,0.20102636710190874,0.20944600239134134,0.027861481567996015
0,0.45935375564120284,0.22427140269323054,0.49780172965960273,0.13044699667333717,0.0069880889683675215,0.4687304551372399,0.23545216151994688,0.12117553851266274,0.037206759188445786
0,2.3138519971132188,0.28367180568875755,0.5597375374788908,0.1621422690251682,0.002736358042836436,0.15955186889980885,0.49631839327798405,0.1258571711208859,0.05339393963331664
0,0.6472790438945466,0.07140353810954231,0.5596658903027267,0.16188246284501973,0.032575555783305225,0.4152078906816965,0.3177840980968613,0.012208640987470785,0.06034135160564634
0,1.5431089945947525,0.007952446394049129,0.08126685351115863,0.1841413511544507,0.045141761001219624,0.3433321505424381,0.2543998413211517,0.09637094355599925,0.07661395242474067
1,0.9609819842948923,0.13922993040624163,0.02277094800172561,0.24806003018130984,0.07724387939496194,0.40127659907938845,0.067903611091371,0.1702987492263825,0.035217131026586204
1,2.680151002961685,0.16826022707976732,0.23027987462724223,0.07326773084272524,0.031001703916848054,0.506799363336124,0.2980623348134011,0.034075574381772535,0.05679329270912912
0,1.9606208777461456,0.18284983530733784,0.46023487694527027,0.15208831683952656,0.08868252517655802,0.2690503105665355,0.38850168128086116,0.031922480039284544,0.06975468609723419
0,1.1770197368547477,0.06256755112504349,0.2939932312557732,0.10940459782187624,0.034501855881519335,0.5290708147544863,0.21756068392399427,0.0869361413390231,0.022525906279100692
0,0.9336819874376245,0.013933407978167433,0.26696788038363495,0.050236444777883076,0.007642997297242778,0.5716062594109348,0.33489724107650715,0.010585816809723914,0.025031240627708402
0,0.963298312468472,0.28674567167673853,0.06469865462746949,0.2262746556046258,0.009999551211530556,0.5274283154019133,0.09347264531089704,0.12575966744267172,0.01706516502836161
1,1.2418490870884433,0.015933291724557642,0.0103371894968318,0.21959118157924173,0.07786440614231653,0.5373428044845984,0.02812237761958834,0.12312681318481394,0.013952416989441292
0,1.977703651499629,0.29643863013584326,0.43906028702902306,0.22526379538455493,0.05664589437198606,0.39801172216802616,0.22174342369784217,0.06625817300335964,0.03207699137423123
1,0.6609484441940692,0.2142677975081688,0.04642565268115684,0.1552865166813906,0.02960340746971067,0.06904393436542068,0.6129445902819001,0.10635477682041854,0.02676677438115942
0,1.6510851545557048,0.15244320996384167,0.11765676378887341,0.17541816438647426,0.05142395607602747,0.464373646891192,0.2045605883054434,0.07850612841540335,0.025717515925459587
0,1.9160462374648772,0.2067345248297741,0.4208235417729506,0.15042181579679356,0.04408250726140552,0.4257223098788414,0.13480146265559864,0.20559306345956277,0.03937884094779802
0,1.2863336620264394,0.009678712426938229,0.35015574899126317,0.09813329233546644,0.09011798241901266,0.38868548747408577,0.12446163669893626,0.23177133019768015,0.06683027087481874
0,1.5887635480737132,0.2448539121822231,0.05501862533215651,0.17737537805713127,0.005796070367312092,0.3428826067058261,0.25627501045015705,0.13835944272285597,0.07931149169671742
0,1.865980291974878,0.12336085101460098,0.026734368793378316,0.1723102941915773,0.033131362485272535,0.2731099040328704,0.22867860528521997,0.19193395905921679,0.10083587494584305
0,0.9796228428818077,0.12077894367281317,0.3520207698082834,0.05780887942432979,0.044268908152301445,0.4112961845410822,0.3326811567615334,0.11554806267556454,0.03839680844518849
0,0.4,0.28454031067630237,0.4269839766949032,0.23665624108868533,0.07658039102033773,0.18771584879826408,0.3435251517634697,0.14393247136985657,0.011589895959386488
0,1.623725361762086,0.12312788840272548,0.1560982226209192,0.20516880308810467,0.056961538180631946,0.1901409030195213,0.4275581935946033,0.11070525910657227,0.00946530301056655
0,1.8833898847990063,0.1376365841912621,0.27876418452519447,0.07333384420824604,0.07275436773780082,0.42905221543720623,0.21522019159908962,0.2008952524501383,0.008744128567519037
0,1.5943737421072544,0.2143089393544952,0.5256370033347277,0.1138604151725795,0.047990830969520754,0.5555271163741512,0.08897658944235112,0.14521723702377284,0.048427811017624514
0,1.3553596302560869,0.12297302194457665,0.33153373897974514,0.04220331376153053,0.017414367787560423,0.3553184727722479,0.5362082870363654,0.022721544299407814,0.02613401434288795
1,2.271927336809062,0.04680800113882363,0.22070916956296066,0.1113515245388445,0.016167249344496752,0.16463414065004237,0.5711069228357912,0.034307803509134524,0.1024323591216907
0,2.0612195191959786,0.19700939834680534,0.34525578923655015,0.18442055261815152,0.05788112883303971,0.39076260033469923,0.26810844155829705,0.035876937199700365,0.0629503394561121
0,3.2044591648244256,0.006659916368208707,0.5692005332592088,0.1615488316606542,0.02712402913637349,0.5925206072049558,0.10774596408329633,0.04493317886743794,0.06612738904728209
1,1.0376980662176272,0.0335734080831784,0.12475095844949115,0.40498548208952845,0.014483035044185848,0.2780607330536426,0.08538194700597047,0.11773245099975899,0.09935635180691373
0,0.4657037200198466,0.2392170305500129,0.2623677185563981,0.09943315927998439,0.024440295474723227,0.5232527295699848,0.2777278206937224,0.060981350214125665,0.014164644767459418
0,0.7656881937881697,0.08337009272829891,0.0525510109758206,0.14997515780437573,0.04150159753834272,0.532352809002798,0.20205228227928151,0.006933743274307996,0.06718441010089403
0,1.4813294824034822,0.17139971536871754,0.48188821040304075,0.19399260541874289,0.052325706326559154,0.34994097835649435,0.2435376470895259,0.13873283122084032,0.0214702315878372
0,0.9016453419158381,0.26841009451786835,0.27095627075600304,0.16704096183673367,0.04974460530899602,0.4366055578821327,0.0528749415711281,0.1627251966802597,0.1310087367207498
0,0.5617638088148104,0.1166785320101825,0.047185507758799435,0.11644618568500759,0.043251658264702474,0.40874022162544643,0.2709590048488794,0.14096815720627762,0.019634772369686547
0,1.1563266210138585,0.04548960416527179,0.002017140046369925,0.20837253774857956,0.04392742202082731,0.3314392937101647,0.38390592444892047,0.015601255585276365,0.016753566486231625
0,0.8527845872654913,0.05459621407578808,0.23117857216471605,0.18481509013490935,0.047021401303713774,0.2612751215449015,0.12616731823732455,0.32532220978595355,0.05539885899319738
0,0.8870419021406623,0.11739861116502882,0.5224683633912441,0.08382958932605034,0.09278278987254367,0.3010678059618282,0.462238652959216,0.0283878050309458,0.0316933568494161
0,1.3686718609998825,0.0804518238999851,0.4447924786816978,0.16879897729392637,0.04726573224978395,0.6164183517629025,0.09634761668994068,0.03123930231233934,0.039930019691107106
0,1.1830114169986157,0.18442651435247376,0.20120363273870992,0.12455230531068277,0.035677872455864346,0.614588835019647,0.11249034957222963,0.01566851680779659,0.0970221208337797
0,1.278630108893415,0.058407010267009146,0.2956444565467116,0.11549079837463735,0.03715386553041884,0.3020004739622175,0.37981898973854167,0.13281544022006828,0.032720432174116396
0,1.7085783462771098,0.28506197308588715,0.5863297909601898,0.075375183205769,0.0314318198570571,0.20148333695006643,0.45483326321250445,0.18142998614607853,0.055446410628524526
0,1.5314436277287182,0.026151756755414757,0.34839206843998083,0.12310982833911041,0.05099597049701825,0.6196298069619027,0.10188223022948815,0.09788336263905495,0.0064988013334256346
1,2.513123486898607,0.07070305039751622,0.09816880938591706,0.05586098733697087,0.00940941632326736,0.37620872880820844,0.2952704223486743,0.1963360575505542,0.06691438763232478
0,0.8796152044204949,0.2778336424415555,0.10803922606982194,0.05694642556056482,0.007550959015199292,0.23201673405673243,0.39056007654863706,0.23416157475300395,0.0787642300658625
0,1.5089020088449592,0.19336659306687537,0.15234446883156041,0.13907637685004115,0.029454885320144127,0.3413269330395715,0.36916610210012735,0.1104925975314147,0.01048310515870121
0,1.3233079050307968,0.28095155354854,0.36645466965014295,0.1991444511085829,0.04308098834455846,0.31672636637916085,0.25605873840593246,0.14227222284239854,0.042717232919366695
0,1.1640283742285473,0.17815122544290293,0.06068718877784045,0.11551688026994465,0.014105212239160992,0.34507109986273743,0.3007965478113016,0.17112961811012442,0.053380641706730826
0,0.8442640680812692,0.2220209582857288,0.49601888649398584,0.114237332342696,0.0018914740852370802,0.6331699156215717,0.06780461426850307,0.15508417420275142,0.027812489479240907
0,1.3922784879615264,0.09297170934598384,0.500942108458254,0.03169103835049925,0.035661181769904134,0.4569221904357794,0.2828913464980989,0.1302895120342453,0.06254473091147307
1,3.006749227059293,0.24736366673246318,0.3697573326016002,0.31117311596208996,0.009167855860506077,0.4890428420667745,0.11597520101607346,0.04069465339736392,0.03394633169719209
0,1.7833114358367506,0.12885799399457293,0.006787975889014963,0.20796815779844852,0.07623525067817388,0.17273392499415235,0.3667072790148465,0.07218944890973099,0.10416593860464761
1,1.9830713538502378,0.297438111984527,0.13238004822746222,0.03023281038703576,0.015436455253736582,0.07847677268706954,0.5845108223094287,0.1834990954295242,0.10784404393320518
1,0.8916398793013438,0.12608186368630578,0.07517085215941655,0.24129369472151577,0.04419139886314549,0.27084918050750306,0.27158130658220475,0.09656803708612549,0.07551638223950552
0,1.358246860554195,0.20711776324829675,0.5767408904062878,0.20003151995853777,0.0014616646706942884,0.2685090782790943,0.2807562420898491,0.1777357591516206,0.07150573585020407
0,0.9698771476173599,0.29923130066614073,0.14434429136987947,0.021973679033959394,0.027429045485777966,0.31192421590601604,0.4582634806715983,0.09166831996698378,0.08874125893566454
0,0.5797838343876026,0.21488635800653577,0.2601387257358841,0.15818047595711413,0.055012768893094,0.476074450176063,0.14942025215607943,0.11390479742824597,0.04740725538940351
0,2.6861684070020377,0.2569567476995995,0.3399660085932809,0.09178597857035437,0.03965398724242513,0.43691408999713893,0.31292260366167524,0.06997736393861469,0.04874597658979168
0,1.1570176491069426,0.09637112162216549,0.20144965427104014,0.1624452115358857,0.046523711340684004,0.46443548135992707,0.23682001286805796,0.03528160393372845,0.05449397896171668
0,1.8759837358788927,0.11336845897696116,0.5456678647099215,0.20272655727462643,0.05552109681714545,0.25680078419550867,0.3504103189113161,0.09926395764896674,0.035277285152436395
0,0.8242126956067932,0.09116640216104982,0.5792561481224993,0.07100436664131879,0.05428762000503553,0.6638196427236123,0.10603747884760356,0.08862318432708789,0.0162277074553421
0,0.6526248172722671,0.02480631563504274,0.2665412456846304,0.178879434698089,0.012447364986354834,0.4914325299781067,0.1545815980041727,0.1443695244650176,0.01828954786825909
0,1.9035086128227352,0.1932485099869167,0.3021073188998705,0.04833566052826657,0.04789481017853351,0.45877111418268257,0.3135148761308397,0.09516833577175692,0.0363152032079207
0,0.7071848302685989,0.05091201085968352,0.3427529838701205,0.14472529435809614,0.05996660553304906,0.2949954097927927,0.18704791276069438,0.2018626275235576,0.11140215003180998
0,1.0018128386148382,0.0024205141681596484,0.13617975783808126,0.09642778075453932,0.08973095521397846,0.4343606988087866,0.1455488821343542,0.19664835263883934,0.03728333044950206
0,0.8421696356563553,0.21219350385425287,0.07466290209591561,0.018901842099410707,0.03319241211216759,0.5594233268089212,0.16867153346280894,0.17902334656009905,0.0407875389565926
0,2.0857084867794162,0.07804736848147031,0.4293999280482987,0.11068977226617732,0.038210876379007844,0.43483306412275063,0.33075935889809854,0.02335349846350045,0.06215342987046518
1,2.443868240895284,0.29484326421726437,0.16438156565188908,0.10064410329987411,0.09969696980678654,0.3620456800784602,0.09679736246196317,0.2638555817397494,0.07696030261316654
0,0.4,0.1040396472434073,0.2150694013225798,0.17112556992100678,0.001464785094031521,0.4306431275826495,0.3437743729637546,0.010572014991774455,0.04242012944678308
0,1.4211728556718775,0.17534153046592615,0.028565497460887965,0.0985100515626393,0.03417948957877621,0.574461755949915,0.1432248356577877,0.12877047149482823,0.020853395756053602
0,2.5716163299454946,0.274551319581592,0.07998959853023002,0.19672243131761608,0.002624944433171077,0.26363022476150355,0.36140272845277366,0.14932968814899278,0.0262899828859429
0,0.965802405383974,0.15644877951329336,0.538444458845843,0.05101284529222,0.006269426076644423,0.28572538086148896,0.5182282210435,0.11248465587130024,0.026279470854846467
0,0.8606984776405666,0.16690541633460373,0.5437853623743784,0.09081512411661358,0.04675898869001085,0.5576995968382416,0.2848831465500298,0.010380988377236998,0.009462155427867307
0,1.8895842961627776,0.25390216690825435,0.23174979603296691,0.08242225734145787,0.028962383463807646,0.4373686967710871,0.26443493097379284,0.1370641347540275,0.049747596695827005
0,2.276641775895749,0.0544452257308154,0.16342611514898983,0.19109637047803146,0.06025461756121291,0.5963369361861687,0.08815316651688827,0.04364671351367248,0.02051219574402628
0,2.489427027234142,0.08244362245591132,0.5288766043806198,0.14407459954151716,0.02788062680467901,0.17548346524659914,0.44072033199429234,0.18991978467061454,0.02192119174229779
0,1.7710859129500158,0.00045306930198238946,0.5654275754166953,0.09175580229885907,0.03189794611124688,0.5068891290262917,0.199428114146353,0.14742357274502807,0.02260543567222143
0,0.9832974357110174,0.14268889288724726,0.33281329182477853,0.07393976565770463,0.06062867359956808,0.1346872241879292,0.49276477487740133,0.14978401560827806,0.08819554606911867
0,1.2802095352978338,0.14731300025624514,0.5736473130931496,0.11423754906187034,0.04436682609946486,0.5344036618000106,0.18376856776248912,0.10598593050333673,0.017237464772828216
0,0.7243953186987984,0.2684594811906663,0.17241092838784466,0.13872967595137353,0.03524912072785701,0.4521019478031999,0.25168168783697076,0.11181516290598452,0.01042240477461436
0,0.9898991272997893,0.1944810188182377,0.013899465472487748,0.07348365329606185,0.05407060368837327,0.5929749245010043,0.17548377592288442,0.09504615379812206,0.008940888793554118
0,1.889587661074367,0.013041473312793693,0.09037311232387905,0.14634358271896233,0.07838171460275312,0.28276482274488557,0.3528056183348011,0.06890572752170127,0.07079853407689654
0,0.9435938631646903,0.1332872945414668,0.05046197424771987,0.13766620149069594,0.010713402013455737,0.47556072788993486,0.2655473459073771,0.09594799519805511,0.014564327500481238
0,1.048009284498777,0.2509797908132812,0.20455522768958154,0.16242461183448603,0.02348236832906213,0.4789920202619401,0.10585454084978596,0.16776846963250452,0.06147798909222138
0,1.2468407037280322,0.14332479666199124,0.5080899364406157,0.13286801097988943,0.06387620438088194,0.5100872049638459,0.09096567745275248,0.1878255357505338,0.014377366472096491
0,0.757365134303073,0.013796944048391145,0.3120869723649532,0.14202984845081834,0.024641735358318127,0.3965500473483124,0.2409149780241437,0.12795156891960965,0.06791182189879778
0,0.6873073218459722,0.15186374249411783,0.5736575530290748,0.11190275425896357,0.04305329722580713,0.5099961974890991,0.2565761936711892,0.050988486434565355,0.027483070920375642
1,1.0939267559396497,0.27565590245432287,0.0166672068596714,0.29977014079715064,0.09710631057311422,0.3712850929734648,0.1333788151576787,0.04995255059969956,0.04850708989889214
0,1.7820766910798977,0.019830225780514465,0.42318409749333946,0.070115887996191,0.04560505676732092,0.580973318530245,0.09634348704126357,0.15986213441329628,0.04710011525168324
0,1.7864088997987704,0.29899010277812504,0.3324557739966909,0.16703169875803606,0.06035187088926398,0.533485733915374,0.10448821611653972,0.10566824867246864,0.028974231648317656
0,1.8582762589270727,0.22882106131219657,0.40104741344374256,0.026285228109116657,0.03195255050084976,0.4763117081368021,0.3680815194781948,0.06664527848951125,0.03072371528552536
1,1.3751681616751499,0.02701890308939271,0.17315206891596793,0.24936854832836183,0.0003119528222030614,0.3573317675321476,0.31313727865802987,0.04639786921654626,0.033452583442711334
0,0.9007856844007718,0.221133820035724,0.12014500748091361,0.14377631638191163,0.0013889861198303976,0.5500284721777097,0.1424970788067484,0.14990526363454795,0.01240388287925187
0,1.4764465386244572,0.08072678110626237,0.4790906967865234,0.2505535488143779,0.07065232179595721,0.4010255700622072,0.1643166228689001,0.10365555471776107,0.009796381740796703
0,2.0280782513646454,0.27800873256272096,0.1686923852032148,0.17676565697424645,0.042887178048476166,0.2088553972114141,0.39477428540127185,0.11449186205291233,0.06222562031167924
0,0.9888954397255758,0.13472427398408934,0.3166428951524858,0.07548054747362343,0.03225210566359248,0.3791045754950683,0.13898682705110615,0.3169100887869848,0.057265855529624834
0,1.2597705987575885,0.04961492830447704,0.026423765106813612,0.1480905684611826,0.007979533320520637,0.3183769557126911,0.35313152509109336,0.10481771815460297,0.06760369925990936
0,2.1560080188217476,0.034053033895636596,0.5486377454322441,0.10916432608770253,0.013763886844741259,0.464344523103084,0.298632409557157,0.07724665921131106,0.036848195196004234
0,1.1985668841386627,0.04941967940203614,0.00928704305111816,0.1377887429427886,0.015192773701272595,0.5379710464866767,0.20404050148644642,0.08641400206586433,0.018592933316951325
0,1.3530944505738445,0.21695895097422793,0.27238128812491197,0.07463226624334995,0.06706512986370555,0.7169211198274588,0.034076836312126824,0.01695898180944882,0.09034566594391011
0,1.3333933250094474,0.12281066370686022,0.274322267993339,0.08935876586061735,0.053930341929989946,0.4315110351528004,0.27127503228096056,0.12502637650098533,0.02889844827464642
0,1.9233564403017827,0.011008150955130568,0.5965344213496679,0.10453547573370525,0.03296893143234948,0.5009649559085234,0.21520299123019987,0.12060720227122694,0.025720443423994977
1,1.1169463637004076,0.052725740274420514,0.5535880886096366,0.2615706366770712,0.13105546423966516,0.06821335220951324,0.2604116796355375,0.16435434067401486,0.11439452656419805
0,0.9165482590928477,0.1801162592295354,0.5213051216248505,0.090454224123998,0.03252336933154515,0.35254458499956737,0.3523732273522405,0.11636972370765306,0.05573487048499591
1,0.8714069323260554,0.058746179187100886,0.18269840026398007,0.21007712854925734,0.02745181225201119,0.468608654545717,0.03012630171143397,0.17738321238222482,0.08635289055935554
0,1.639017342165506,0.024781926423107503,0.22261027360821786,0.23996455526075786,0.01828456951258791,0.2355733809159185,0.4208552278589771,0.06623838016763088,0.019083886284127802
0,2.142130470817033,0.021550907503620376,0.26529631858952535,0.18362098373629623,0.019704179954349123,0.4357499709590779,0.08511722041876982,0.21319844973500005,0.06260919519650697
0,1.0884795367317628,0.1176733707603073,0.18315521889780279,0.020898749813997426,0.05117424964524526,0.4344647664350026,0.41304811274760433,0.04341310240944003,0.03700101894871051
1,1.606554905573316,0.17810049958861407,0.20166587462772684,0.2596263331411927,0.02624217719740579,0.34574046265591085,0.03662086889873169,0.2863411915106253,0.04542896659613362
0,0.86278673774081,0.13486662476270908,0.3598566573673332,0.17582048225296426,0.01964468680469947,0.5560549284601135,0.16485699249518543,0.030017371939771716,0.05360553804726564
1,1.3588053879781046,0.026429525488194505,0.37611617288568006,0.16466495512377166,0.06095411246508003,0.1756563674899855,0.5508068463874303,0.014878590244985264,0.03303912828874729
0,1.5243087913242395,0.047359798006307276,0.5000753710165885,0.08816574452217285,0.03663285382724926,0.6853280903478336,0.07938066995836286,0.04670812274143627,0.06378451860294514
0,0.9468905602838654,0.18124423378876142,0.26531132357924736,0.15518311031021464,0.06236711522574754,0.4695153457169449,0.13276373838171177,0.11077203591664264,0.0693986544487385
0,1.2650052613275666,0.0574188460246385,0.5490892610570712,0.25205555277769537,0.037857730078908323,0.18863866690863332,0.38469035362012277,0.06614675472729353,0.07061094188734675
1,1.259489740957327,0.0999272633738877,0.10824917837603633,0.0458273217735582,0.10465125495246382,0.3530725263193377,0.3978740733909307,0.026154816417018077,0.07242000714669161
0,0.7923261400714334,0.08176441694425797,0.44407546124859415,0.16231967709727113,0.04309489276880395,0.4783666193414436,0.2382642980911632,0.0670250773834925,0.01092943531782561
1,1.3990186092772305,0.2546751701499272,0.07051421781690803,0.22183944948078818,0.06244746275141063,0.24178289922492857,0.3168374807192202,0.12803095811040674,0.029061749713245752
0,2.1608176966314065,0.21177828274376118,0.19051617316151057,0.12493868208720413,0.038653183807728156,0.2988402229650164,0.32652956966212837,0.13055736333100332,0.08048097814691973
0,0.8853914325213968,0.19408102716035558,0.171120224319302,0.09091425755356661,0.05520308443033724,0.36502657868574767,0.24679569349216704,0.13171422289335957,0.11034616294482173
0,0.9467512154880605,0.21527039453107238,0.5375957511851943,0.109719045482839,0.004675715380907062,0.6759125639666926,0.07261725552309373,0.03983316862747934,0.09724225101898826
0,0.7552901744863223,0.1028567721123679,0.49432267479326997,0.1437278199113675,0.008972963360792039,0.346906162015495,0.34199483424260435,0.11064149226280366,0.047756728206937445
0,1.3525507153687595,0.14780728827613807,0.39575892352763437,0.18098852642390148,0.03921076856293257,0.4640508263174783,0.2452282810257626,0.03502437351274688,0.03549722415717828
1,0.4,0.24257580253558697,0.03715241866286203,0.04381758094640945,0.01816798154000075,0.39836544166380733,0.3304663162082195,0.16711956498433603,0.04206311465722687
0,1.0371424358106602,0.2219967653949568,0.1145951056542746,0.1279662160096722,0.02063364202938852,0.5436426255032304,0.1910486182590621,0.0810999445063039,0.03560895369234275
0,1.24145106149964,0.18365194699802173,0.1973301198208131,0.1614072185581644,0.06240638451835017,0.43332200000494103,0.2774597410683112,0.024233034579359727,0.04117162127087345
0,0.7531639542534445,0.0610233885841288,0.36006210621520174,0.1480536432817139,0.032990167068302496,0.21565776039549103,0.38823044320758665,0.18349103878044143,0.03157694726646449
0,0.43768753990164805,0.06247049979059083,0.568976548509619,0.09024918133415134,0.03572387812695887,0.5687925297311646,0.2427810659973928,0.018520834437219382,0.043932510373113236
1,2.7379799503702245,0.2350763074383306,0.5908427040278313,0.35743674512171264,0.09014039480731041,0.16571527681980422,0.040653831678162826,0.3036606074710963,0.04239314410191369
0,0.4,0.11360953673919438,0.4105653069798176,0.11535960020259448,0.00478985417717049,0.3456327055910721,0.28523254106285206,0.1760187301878973,0.07296656877841352
0,1.3106010493648292,0.06404826556574651,0.5784821807105083,0.11271742874581632,0.014585482061788451,0.44721962320123315,0.19380659274551323,0.18722603583857375,0.044444837407075034
0,1.0837200525954485,0.1649580504565725,0.5642318555804758,0.022627172638169175,0.05874957603572437,0.48699936046486136,0.1614726241559252,0.1897546992999984,0.08039656740532145
0,2.2020867117611114,0.208542167902425,0.5169147681859511,0.08536556727883113,0.05084553359461164,0.3897119084861475,0.3184745549845489,0.10898886475894008,0.046613570896920656
0,0.7719846712855138,0.2574108077263988,0.20912164008711254,0.20579310425918657,0.030763124730505808,0.464732329159161,0.08386671621593496,0.19788169148370738,0.016963034151504266
0,1.1541797828495137,0.12611802635365335,0.13821401195914232,0.0862162552512073,0.018997091384551714,0.5468231889115369,0.21417051730976397,0.10205576961050512,0.03173717753243498
0,0.9525885396450786,0.2145916570535628,0.21185296728927186,0.013844091550702712,0.01601676571544103,0.45958714018873975,0.41001018610548734,0.05362449966764092,0.04691731677198816
0,0.7344726736991776,0.25919778954471095,0.31162304563919996,0.1147099055982778,0.00411407401806892,0.313752745751176,0.43287771352847043,0.11993341628275592,0.014612144821250932
0,0.6011219516529456,0.223200581572359,0.10025648903271171,0.1373082897630136,0.026024824428155575,0.4146288196514808,0.2842358691101797,0.10292930489698658,0.034872892150183785
0,0.7156442057534225,0.2706747339141336,0.34734611090826456,0.15066125820000084,0.04805612371492647,0.4060682432653605,0.2877649629880464,0.05743805867293793,0.050011353158727935
0,1.3546013314333123,0.142472099259541,0.07645926028188794,0.21973497246183785,0.022100629409896436,0.3648714055090885,0.17197045788385476,0.1575522792898681,0.06377025544545431
1,0.5856502725181637,0.17276182221766143,0.04861519032819288,0.038939002543198334,0.05786786212752753,0.5290103933927175,0.26098972147500943,0.08055587411558855,0.032637146345958656
0,0.9936705201258413,0.16282674043013032,0.4544749575171746,0.0359531583219126,0.06910824686446915,0.5499023123511669,0.18459060198820904,0.10624503437563432,0.05420064609860794
1,1.1546139383061544,0.26251610580508866,0.10906914077826002,0.10581254513541598,0.03902522836957438,0.6314509264245095,0.032547609185986204,0.12830855963715634,0.06285513124735768
1,1.752334360414486,0.1734685971546441,0.03403894066745889,0.2758317515528364,0.04426947328370898,0.4539476077190973,0.1292347568187838,0.038790162638108014,0.05792624798746546
0,1.5964357547201882,0.2174963568129607,0.20794844632202286,0.04966225439516629,0.001769931430421196,0.6089479835979145,0.2789020509900532,0.02681779045263148,0.033899989133813375
0,1.1667577021761826,0.17741080551084576,0.35412073112230996,0.15536477595174306,0.02759500281897702,0.5115427580820912,0.28751875592518966,0.007510269583420962,0.010468437638578144
0,1.9409016421868888,0.13014137614445256,0.13724834649639742,0.11252290088120391,0.060188705103316795,0.435240782283176,0.14968609649436565,0.17909007842528823,0.06327143681264949
0,1.1456231198999678,0.1857260221281415,0.29883372022439864,0.1437692569093156,0.03915196879443835,0.09652410447267058,0.6187085910057463,0.03526542480522312,0.06658065401260611
0,1.8964846797412447,0.1516699830879573,0.3338891433330297,0.19518500716751377,0.002673152125855871,0.5143700959135935,0.18951169902667042,0.08245838593547591,0.01580165983089051
0,1.224602286139962,0.17604502301998648,0.08264387927754908,0.1550101232776057,0.02310073205149548,0.5271982643604802,0.26217955351805733,0.009797137172183964,0.022714189620177204
0,1.610425268232619,0.005126445303113091,0.21968540192188746,0.2347328498462535,0.05758548531706129,0.20496973026282783,0.3947653695840399,0.060246081766841715,0.0477004832229759
0,1.2135510120878137,0.028914688440944056,0.2964546490897938,0.1261185496940949,0.0451222429804468,0.4006932871323528,0.25948773488436816,0.13377989572315868,0.0347982895855788
1,2.7473373526999136,0.29899345386593773,0.4919530380050305,0.27299476148040164,0.0658484094554565,0.25484445415490203,0.17492773285780785,0.16248687166021408,0.06889777039121786
0,1.2365946545464355,0.10239123120630858,0.12293466039439464,0.08081242936675952,0.024031878243936787,0.5613982758296683,0.22995895531844193,0.07074091385987352,0.03305754738131991
1,1.4421930679033177,0.28694407049532167,0.09646256220689142,0.24509479243614057,0.0729648575086475,0.21166669174059827,0.21569136774332615,0.2338840737019607,0.020698216869326894
0,1.028600927443736,0.15138024237682654,0.5585117704109259,0.023370050147615954,0.04093702791227266,0.388066582183278,0.42734991806517775,0.07352045266586016,0.0467559690257955
0,0.4,0.20811351254344249,0.4785089526318096,0.26927230263560564,0.04918811365231294,0.2742048979773463,0.30524595013438804,0.034365350766726095,0.06772338483362111
1,1.0783179897079453,0.10370906077281707,0.09241348801220035,0.2697466800547524,0.03725982177315848,0.2421827568259018,0.2829964625535845,0.1512711497936481,0.016543128998954666
0,1.7042173467489103,0.2696744639019531,0.2084982832270489,0.17294686345644597,0.021446202716461447,0.5926938219232101,0.16588184439432074,0.026009568729650538,0.021021698779911106
0,2.6350640602802944,0.22999203140938806,0.5854994007640216,0.09448868340379257,0.03566495999294207,0.4412829196232586,0.24142800232638448,0.08811575575680525,0.09901967889681709
1,0.7569002843167201,0.24606691069466152,0.03566882233761998,0.1877780564471432,0.05544122269221781,0.4662763888620171,0.052078455897120936,0.2083487205145805,0.030077155586920357
0,0.48615084881786863,0.18495870952096677,0.37877826994906555,0.27051725769904456,0.0168346769038357,0.23313740429155685,0.2219607048433448,0.21062210326100309,0.04692785300121513
0,1.5064884220645434,0.08070485469614552,0.3526715040696329,0.08357119512342928,0.00092543234629624,0.34227180398784984,0.44919298323899054,0.07031681466813737,0.053721770635296595
0,0.49207760193277816,0.16695326029499247,0.09348085861199033,0.1693242618483761,0.09622145864998434,0.24428746122289619,0.42959391345323594,0.014489367791445515,0.04608353703406191
0,1.3462690512445579,0.26788261756072534,0.4158028602913696,0.2048877835851412,0.013071208290880626,0.15640556526456506,0.4415303193590204,0.16358917955853713,0.020515943941855564
0,2.334849833551348,0.2466263607712072,0.5572298776106452,0.11027969368681287,0.047480197108983054,0.4477721628368873,0.29296181847752367,0.04668160157248336,0.05482452631730973
0,0.6929178459493613,0.01913172451709382,0.0013582252211901346,0.05827361002940274,0.029973652952805973,0.6123417456461407,0.16865436419620902,0.08895981840235112,0.04179680877309026
0,2.023675538018966,0.15256181328069085,0.5327452791489333,0.07364696853731785,0.01873411368240326,0.49727038607190255,0.284920887356718,0.040096233180093706,0.08533141117156459
0,1.0428163333075287,0.24140101001701625,0.14695522074197154,0.09110614709009349,0.06367240195835604,0.5221601581981571,0.10073067639727047,0.18238209251247398,0.03994852384364908
0,2.096641318242937,0.21165578751805514,0.4416339942201838,0.06573329378889475,0.03444566857072832,0.39660331052729236,0.3487171738273638,0.10236211868497933,0.052138434600741426
0,1.1431803447395674,0.20989561812281973,0.5405468853741551,0.057912034120042415,0.03511287946406894,0.5052473208774164,0.07454150327083783,0.20089791867919976,0.12628834358843466
0,0.42574138355887936,0.005079588213876806,0.5024099506190454,0.08148250400639234,0.04892722084368306,0.3958009392153289,0.3528851033269313,0.1117051935970506,0.009199039010613861
0,1.0401160551429443,0.28427642227715444,0.3661711536974098,0.15224343171439544,0.0027462531968236435,0.33001277432084614,0.4060105681283987,0.06016521184082266,0.048821760798713594
1,0.585153949367287,0.1826691624723769,0.0707872136895898,0.12276614540866246,0.0642524791441492,0.5608293650004711,0.032302908674603906,0.16499820006392704,0.05485090170818636
1,1.787919341948201,0.22639071532738705,0.03156681204397369,0.03999182645534485,0.06233831761480362,0.4199815910114471,0.2297689747840239,0.166832523418423,0.08108676671595762
0,0.8621459990499989,0.10133303438373767,0.44315876982250546,0.05516002973837923,0.02706970520416757,0.5750993100171822,0.23151610189258834,0.08461152831612248,0.026543324831560272
1,1.9203589197755635,0.06922929996033357,0.05030688090628401,0.23513215079655267,0.018910584279847372,0.06175254490623297,0.5601517215329783,0.015847183294615354,0.1082058151897732
0,1.3062075932908308,0.10658046042083681,0.5875296791872354,0.050369732197882475,0.040805439500635456,0.4352992361099342,0.23751861462170515,0.17489739994203904,0.0611095776278035
1,0.9437699173470997,0.05926009725197074,0.022843184404119275,0.043296963530943804,0.005647117508818756,0.2671264695734862,0.5411932605751792,0.027470710688602445,0.11526547812296958
0,1.3195617976349001,0.0718569241915931,0.5673788366968103,0.16472595823107028,0.04347981620662944,0.5045776861217705,0.17299779929266723,0.09374746020626393,0.020471279941598607
0,1.0273914033026128,0.14399225524010859,0.1283625797052512,0.024295488771374114,0.06232700132064545,0.5794140198446135,0.16637024988675822,0.10807027307081381,0.05952296710579492
0,1.3659393185439495,0.07170374950869199,0.2747792983076228,0.14725458146992124,0.009288306258308895,0.48631748898406363,0.09384247723402243,0.18163672666836989,0.08166041938531404
0,1.6220195409982079,0.06924778594641982,0.5842050325477254,0.1353913687207873,0.04870481175246418,0.3413795866801244,0.3223652637254379,0.08917989696767249,0.06297907215351367
0,0.6780351416635659,0.09439977193746847,0.262070241820091,0.022032506643218597,0.03659471700709586,0.7040438594242217,0.1279507878276824,0.057307652576316544,0.052070476521464994
0,1.2491494591882955,0.2949455719604569,0.09575075636940608,0.06863374063083587,0.06742328673210224,0.17309315274220877,0.45354421044764437,0.17204452685557772,0.06526108259163106
0,2.442894812703482,0.20148555336484336,0.13406087632807345,0.20486272289557161,0.001468178664577126,0.1585824829067452,0.14281593348654184,0.43308751637273624,0.05918316567382795
0,0.6643834430659671,0.29320331573721525,0.05384604910291017,0.12767653439894885,0.07930724651135729,0.5259837923747033,0.21669087511301544,0.03207358239600359,0.018267969205971554
0,0.55836776813028,0.19505897731281036,0.4336816777823518,0.26665903942837027,0.027606911113021455,0.3072657927745887,0.05363715517634153,0.20361426075622263,0.1412168407514554
0,2.0239422293887737,0.044606703455337605,0.5982653431959667,0.054097035257322984,0.061908890335539535,0.5064002640311748,0.2178769091390185,0.14132682525326698,0.01839007598367711
0,1.588385555577446,0.1800907596298676,0.5920186272010074,0.1542168590706769,0.06412866795264592,0.1355934460454867,0.1273661106082425,0.4886860543685116,0.030008861954436312
0,0.7857208567550884,0.020266278807699534,0.0069779987908118015,0.09496005819381145,0.07545967754613883,0.5166327721855672,0.13385000591049098,0.14869062035739367,0.03040686580659773
0,1.2857255322905679,0.01746971639130318,0.44647477418242065,0.1371409995584302,0.03221492831861948,0.4342056324159858,0.28872797167940156,0.07857196132129828,0.029138506706264892
0,1.3214286271976516,0.048781875999574405,0.3276957255891075,0.09681788909130716,0.0996501289165376,0.47015167933437163,0.21635171623217986,0.08373630529602848,0.03329228112957534
0,1.2765428071619467,0.11942044482247904,0.5445821322269968,0.279145383669547,0.04496845199320323,0.42851550267959343,0.05984089192713016,0.1546886244170592,0.03284114531346687
0,1.498315334051876,0.05768186532993605,0.230063162455876,0.1543049525515361,0.04264233586038564,0.3263303775118251,0.3411898576768978,0.12277051590628596,0.012761960493069527
1,2.006768465262642,0.13412031309365088,0.17667987724181936,0.24188417170743062,0.03507758304263172,0.31684246769477437,0.27319914910171256,0.03698435808058635,0.09601227037286447
0,1.1398117635181784,0.19207200651293843,0.4245319420152262,0.18937878110375275,0.05903225010487268,0.5534798421526363,0.062488751121990795,0.07860832134340746,0.05701205417333999
0,1.1732979939327626,0.1102506025888111,0.13755588130059884,0.22426594767619892,0.05723729695762311,0.19479935175449575,0.4147369610713076,0.016566398629404774,0.09239404391096985
0,2.2789351427418665,0.1980989359030301,0.13649843507411727,0.049610117172969335,0.02467466611335197,0.5293586798610285,0.11446911252632021,0.21780591374839187,0.06408151057793818
0,1.822026328710622,0.13421291474884292,0.174676155619401,0.1395752018705496,0.006524190596788289,0.38280183710095017,0.320318672139121,0.13710599952741226,0.01367409876517864
0,1.4547232151932303,0.26500482451861074,0.11510592406813108,0.14967050299452872,0.02944329760502361,0.33886456700654044,0.272616667438665,0.15469685860385032,0.05470810635139205
1,2.6954407195969083,0.24502381234148757,0.1636804376882655,0.31997961870533226,0.0335732516569747,0.1996290928996732,0.13414457356867232,0.2012877921494307,0.11138567101991696
1,2.0105285448775545,0.1297221935492515,0.5117513709448742,0.05771178799901815,0.11160179389344371,0.14514156280031354,0.5629829635481953,0.06201610577334893,0.06054578598568031
0,0.829893468682107,0.21062536928917508,0.5144112710121221,0.14012565463378318,0.0307237496847817,0.16867408501632947,0.37755837820668275,0.19883839390225103,0.08407973855617185
0,0.9459187330676628,0.17688733666864564,0.26624481776981,0.14101283550037857,0.025323555151940787,0.34216610210832593,0.3560422731331813,0.09527246802116537,0.04018276608500805
1,2.3946844755583157,0.12953688995483825,0.5691468063833279,0.33422959440515776,0.0073121172725240805,0.17277570526463018,0.12022763759177316,0.3003095549840947,0.06514539048182005
0,0.7418185410912654,0.08699725039035751,0.2258199516735613,0.11679347174087111,0.025117206942748823,0.6433723814712505,0.05003122866869533,0.11338552803955207,0.05130018313688205
0,1.4445722940165822,0.12978373307433339,0.5393392712739403,0.20013626159064404,0.014394911180793526,0.25080072863641534,0.41752846169142527,0.0989058593707873,0.018233777529934388
0,1.1150817444168957,0.0053954505713571296,0.20740126137390827,0.10865164937182421,0.09014598590832028,0.2896389679896879,0.14583280698437884,0.3287697460583118,0.03696084368747705
0,1.2937236038806699,0.1914402470645891,0.4030783570211384,0.1611118191022547,0.030795512006090948,0.28648632838839166,0.28785692432261784,0.1725869697870798,0.06116244639356513
0,1.4108719028153807,0.2829508083789835,0.33451716704101486,0.2651169246041049,0.04913976043015003,0.3939072856938073,0.10115412053141651,0.16200689823211767,0.028675010508403705
1,1.7660519399052776,0.004742537074507824,0.2806381447147339,0.02209147209652679,0.05775769749165076,0.491888050047499,0.2812793228591868,0.10768560421703423,0.03929785328810241
0,1.4244126524637375,0.2715882079325993,0.4957621751214442,0.09863835899178237,0.02867987552625317,0.5421117752440268,0.20658308099962164,0.07195177770757803,0.05203513153073806
0,0.6920042548608146,0.10936957813540461,0.49060549203241993,0.15560606259198767,0.0954051111772024,0.31285852375829054,0.2873259439626546,0.03103118582830413,0.11777317268156055
0,1.6679551568547026,0.19988170105933042,0.3893714465457237,0.04584785285177743,0.0442462913091722,0.3821667928606989,0.3438721325307199,0.17230939360816466,0.011557536839466954
1,1.2812711721564465,0.14356940665759482,0.15269232639941713,0.04513547609569781,0.08452826741787421,0.27621253314192207,0.2826758967178498,0.22967861070149206,0.081769215925164
0,2.68684704952451,0.24819608085332645,0.41968366927017303,0.22486803306063197,0.03611057209623405,0.19421921619590946,0.4175482120982051,0.055658983588336784,0.07159498296068255
0,1.1369781200468116,0.17056917961243764,0.5533254109457263,0.13957896585705548,0.014457230047734389,0.4612829283434336,0.200582436295793,0.134766376926008,0.049332062529975594
0,0.8447366774221247,0.15327534671785337,0.25964054588337093,0.07370757455042527,0.02331177706177385,0.6506651166158061,0.07558480383370976,0.11572927986347709,0.061001448074808055
1,0.6808764476795333,0.04853748737175868,0.5028062281722018,0.296034692131207,0.0019008192813482448,0.3648170880244542,0.3075044026031608,0.013790243059938756,0.015952754899891092
0,0.7157977970459286,0.2433565176723902,0.2183020216515307,0.21361845109846095,0.0011881705150130189,0.4910927132727133,0.18312847821256678,0.0927820256845146,0.01819016121673128
0,0.8104078051530491,0.14860353779980107,0.20383998620414215,0.0729696173453946,0.05290597805014988,0.5156111415081078,0.29640216649774453,0.005377534703642085,0.05673356189496114
0,1.2142088938826157,0.05733273125967054,0.4158936723514625,0.21208117375480795,0.0017904236370151149,0.14879135119228293,0.42458869740763117,0.12622987692876075,0.08651847707950204
0,1.9269412348369555,0.09486814031042563,0.34131041324459166,0.14822110149953951,0.0396944469197805,0.3156824534993109,0.3489838015378605,0.10205106737249373,0.045367129171014924
0,1.5979021529321304,0.07974366324328429,0.2539682948431169,0.17344915589205967,0.007657064264662703,0.5099269459319588,0.09279342902224956,0.18166158360148588,0.03451182128758348
0,2.4370302244027098,0.23327166157967383,0.3208160401129844,0.018991704851014198,0.046370337472651076,0.2701014423635526,0.4328852006011868,0.1470896654179769,0.08456164929361842
0,1.5405125752979898,0.1320902628870267,0.4987165293811534,0.057586412176064715,0.019786822590130166,0.2711265954498991,0.5121245589138558,0.043222519941304396,0.09615309092874581
0,2.1312656857432914,0.21425552867278133,0.48710964105012666,0.16106044552537122,0.05326626025732515,0.4991077147259757,0.18952100675186984,0.07139543226930507,0.025649140470153032
0,0.5079695128728006,0.2301129611186471,0.08932391926630791,0.22050580744167325,0.0383113339470155,0.26179701714891296,0.24010990613240138,0.16891446379435981,0.07036147153563704
1,1.2587070451791562,0.22053744831197972,0.059162512734390105,0.03688870447820068,0.08562282487983017,0.4721977899705371,0.2352749756005428,0.0749562646055979,0.0950594404652914
0,1.6246783276531205,0.21262472528451742,0.5869388756815412,0.19898741786643162,0.04302215703500928,0.3164748911949006,0.30166934718253197,0.09682166555766993,0.04302452116345665
0,1.2826331609054429,0.10934284212335897,0.40884561228794364,0.3299894066551005,0.007846274521067422,0.19005383940432252,0.21268760123826858,0.12901426954722828,0.13040860863401277
0,1.0713303137783048,0.14332934131898548,0.4823084627299627,0.15613095188445822,0.09265731907783414,0.20393867840595928,0.3200444286642061,0.1849594921710467,0.04226912979649566
0,0.86317518805288,0.08899907476806472,0.5499161135041489,0.16860691611469952,0.009006524317449546,0.4056685385912456,0.2685406863282446,0.10803332544409598,0.04014400920426479
1,1.1902501763603888,0.1351695404151882,0.10629256088769225,0.13748548775538877,0.05158194239650648,0.1871606785416102,0.5545558700289549,0.052895876567345804,0.016320144710193902
0,1.2779865792998404,0.05110082811155706,0.11327387011583231,0.05381753276957315,0.023718746933106404,0.6129810692509212,0.1107386148336702,0.18052902373773938,0.018215012474989724
0,1.4145499705375424,0.12085843084337497,0.24094044228033984,0.07889624766645115,0.027190669740418873,0.43578526244061183,0.2531843940887557,0.13724392867750365,0.06769949738625886
0,1.9198050823092085,0.016204237924479725,0.41337855604421436,0.23973348935099476,0.01979613640540457,0.4643184027101863,0.20278889357422492,0.03945500091956457,0.033908077039624715
1,0.560588030740202,0.10658875780975215,0.054638519208893975,0.044520727872748404,0.06592392641191433,0.40367826484317765,0.3085492943919429,0.13340254270689886,0.04392524377331783
1,0.7595532669003178,0.17929778530558713,0.20250758023087906,0.2903759543685985,0.09955796470558768,0.37408958385739266,0.12383375352733259,0.0676975801902017,0.044445163350886926
0,0.9397511257959087,0.03883360707678132,0.1718120642944852,0.13400284205736068,0.04722217773517695,0.5535098699255229,0.1697164233720086,0.01568944479190394,0.07985924211802696
0,0.7403022377752178,0.1837139306053311,0.12239615097513594,0.06664159953418745,0.07354276406123317,0.29246354729484403,0.3807426714662354,0.15780430091343872,0.028805116730061264
0,0.9160582118981506,0.26139516315085626,0.5756515649719003,0.13993851262625118,0.0558661778236289,0.5834853856776259,0.022130084164129454,0.12923061376026485,0.06934922594809974
0,1.006822229448443,0.17123334881385494,0.1750362139944,0.20075298299981037,0.06262391957448236,0.17624886854487867,0.38107976880762634,0.11600637696046219,0.06328808311274017
0,0.4572643896158427,0.2180314387462524,0.2693490355475758,0.09469769241328489,0.045958262916109494,0.3520009867390418,0.3545757557125634,0.08255782364405125,0.07020947857494907
0,1.4500789908412839,0.2279083198293294,0.15217152594538907,0.0487598532185993,0.03858457210881338,0.519612501380023,0.29253907859955025,0.055464312129270034,0.04503968256374411
0,1.5934271838033185,0.293350848249097,0.5437560913618512,0.11267206647740827,0.08831274388877908,0.571613735294278,0.13120681334109832,0.041989817239349206,0.05420482375908697
1,2.3541645434577054,0.12387159369240941,0.43638787097622883,0.2711503576244404,0.07063110050142958,0.2932022786353698,0.13585713301789773,0.15510604499370886,0.07405308522715359
0,2.9157064944617725,0.26812020437827133,0.4647860633771984,0.14113540407167785,0.03704979096479997,0.49175268097636066,0.26868963577616056,0.03849894015929444,0.022873548051706508
0,0.9983296348574193,0.06556077003589142,0.5708084986817431,0.03910258869770327,0.009769297835383245,0.559289039561261,0.30706337242321025,0.05634265513332993,0.028433046349112343
0,1.200105028202577,0.1669674813008815,0.4970839752008646,0.1446424933919959,0.06776700613584084,0.6345112897799245,0.06792170354600549,0.05880320622284751,0.026354300923385712
0,1.9449204558306552,0.057513446659730946,0.272118053278243,0.1730659605323628,0.02749474529059611,0.7024803214197081,0.061914744113727445,0.011311693680156202,0.023732534963449146
0,1.2170762573647047,0.2419242535567945,0.3023450785087947,0.17890153978577308,0.005432826004178724,0.35166064701904176,0.22426434413774934,0.20255944886720645,0.03718119418605055
1,1.9552654569884638,0.14206743839941782,0.10645329794561353,0.04764930516828391,0.08039260120251458,0.5715736355699875,0.2038841114590458,0.012309014211188811,0.08419133238897933
0,1.0407358789687162,0.16011388802518345,0.005716188865401061,0.02114475663549521,0.016405141532039164,0.677386607932929,0.1049200509272035,0.1269462321121619,0.05319721086017103
0,1.3186239758583276,0.17519340967178545,0.28332852109934936,0.09716597866774775,0.040730653183249727,0.6155664365444087,0.13574301932351124,0.041889097663512696,0.06890481461756999
0,1.0260633961724825,0.2459680058018496,0.5639219543730873,0.07192104290576501,0.042426296257090323,0.43022201852775244,0.3690155155732113,0.04060440058857832,0.04581072614760253
0,1.5304685797268562,0.20503339400242537,0.029820257203391695,0.14672635586235233,0.05471594305208557,0.5365177220572718,0.18713695085852458,0.04797756326486951,0.0269254649048962
0,1.0518315448131363,0.1331385324107165,0.2928994160764849,0.09423397536866726,0.01950992835965991,0.38639180173313026,0.3376325530611639,0.14557180673001838,0.016659934747360237
0,1.578005823391704,0.17731965474647932,0.2612984826838106,0.07776684490466085,0.07436248834933927,0.2210976416103079,0.43176909374465683,0.1823639362936493,0.012639995097385823
0,1.5292102005582224,0.2813952496261174,0.2901304908591052,0.20168412128986932,0.09048135190858381,0.16782810490183267,0.3431305382849197,0.031898053304610145,0.16497783031018434
0,0.6882193295204738,0.051072692958566875,0.5555587053854205,0.21200599226500985,0.08130822843573776,0.4531582185173796,0.07471448754800775,0.12026231617921868,0.058550757054646525
0,0.4,0.2655649871353182,0.050610239963931276,0.12174665497850508,0.08002396545245676,0.23006775357674042,0.38802313075113426,0.1335085811964331,0.04662991404473044
1,1.6361213015386822,0.00709319375237668,0.37574685668761104,0.0311424085012658,0.07401381543916433,0.14770794726163045,0.5557845930205753,0.04891723934434391,0.1424339964330203
0,0.8765687843317632,0.12125408162280198,0.25678264748641744,0.08552621765250623,0.03266575501080448,0.28937101388922853,0.44081008120345067,0.09755974598683159,0.054067186257178435
0,0.523034225739387,0.08865857926144606,0.13492409295238808,0.04270995596208896,0.05738160225477795,0.5745326592471929,0.14753569449590964,0.1316443183132388,0.04619576972679169
1,1.2032869530046377,0.17079442525944954,0.10524717480088315,0.018660833370252157,0.04922415806328219,0.7246735662878946,0.049747305043785835,0.12433047788843715,0.033363659346348204
0,0.991630969585011,0.10493686348464636,2.7876927817604977e-05,0.2134897939338443,0.03388889183002987,0.17186178914068956,0.3889808370176548,0.12132592686061684,0.07045276121716465
0,0.9346931410596159,0.17485484029608006,0.43674906151964227,0.06400117743807768,0.012262801821062614,0.544955232472063,0.3471608866892306,0.01624011052330664,0.015379791056259468
0,0.673283674356525,0.17576535008800112,0.19167115776523241,0.1949368268421863,0.05759271559310137,0.2820119508503625,0.3058496375247533,0.13162170022429498,0.027987168965301637
1,0.5426630921515431,0.2665343099226354,0.2860466907339571,0.11950312029309267,0.07018054522980792,0.09606043814960756,0.5533444908356983,0.12389120350123638,0.03702020199055719
1,1.9764008893448994,0.04810313643595891,0.4793909910442499,0.15693959033929974,0.05393149049896922,0.5094873001010773,0.04661001739503348,0.17213175193191205,0.060899849733708156
1,0.7994766675154219,0.09859499598408376,0.05583391982442909,0.045080735832545876,0.04149076266634545,0.3087470143541088,0.3366992606627757,0.22041907947654746,0.047563147007676755
0,1.7408529167764462,0.07891016064548315,0.23214320581210085,0.09132564417354565,0.06354707434255856,0.47963893068096525,0.20453374881583253,0.12322866781480658,0.03772593417229132
0,0.7634731690317688,0.2458231320302244,0.561412116991003,0.1104144697738472,0.010751997000818551,0.4696586412102657,0.27552084905809887,0.10617190062135716,0.027482142335612508
0,0.8098341736690909,0.12249377120780183,0.32101623949127217,0.0829615020959756,0.03407600648776687,0.4311741963606671,0.3443655660840336,0.024834542620747833,0.08258818635080903
0,1.4042379995935788,0.18679185885056623,0.4257774582760679,0.2949438677451899,0.03922901779643183,0.18997568214751967,0.21721407799588044,0.19180895296104825,0.06682840135392991
0,1.1734522345724074,0.23864346637555478,0.49021547456015097,0.028631367074941825,0.06302438661012412,0.6584400274482646,0.22385956894936132,0.011347723372684854,0.01469692654462328
0,2.6963826774593884,0.14780398724864563,0.11831134047748842,0.08202196354217459,0.04120685302920151,0.4782343381241472,0.21670864753826596,0.13517666500544043,0.04665153276077041
0,0.5254380039190059,0.2211642061647068,0.5356577817143952,0.20450322260969128,0.004264092632672113,0.4874748855184104,0.0772639180231112,0.17374451689712128,0.052749364318993734
0,1.5093927560072915,0.2758237241985667,0.18052058473363575,0.1703566957573871,0.026153950335747904,0.12333196010444304,0.4232754197838851,0.18684235184951065,0.07003962216902619
1,3.1659902953672945,0.28245940860656366,0.08448835805658418,0.07526298777503099,0.10060698213275227,0.19373275446930147,0.4667092900833609,0.08455877937423173,0.07912920616532279
0,1.1148984563368698,0.07532016122196344,0.4735065064423517,0.12397977626504607,0.014517502354347931,0.4674895634851933,0.2268822447230339,0.12577364711704955,0.04135726605532909
0,1.9100287337091308,0.18816205696577087,0.2674399784806482,0.2393077978419072,0.1096260317434082,0.2759837194475021,0.1504257235470887,0.19035701739546848,0.03429971002462529
0,0.7853955772474288,0.24090167030928358,0.1589998048327338,0.10300347988378834,0.013907217639180163,0.5572261095743233,0.27013536629204304,0.04072938310956103,0.014998443501104169
1,1.5968101882407943,0.010707608266644885,0.3417804714601136,0.3100373888091977,0.06967038334028433,0.29619072248558,0.14858647982500162,0.159708897107711,0.015806128432225543
1,3.542574344624738,0.17148816306683254,0.31804424779755164,0.024614563693830364,0.0019573375265186338,0.5433125737420229,0.3202963309058911,0.07195649243745353,0.03786270169428349
0,1.5190723061007851,0.015098695270158035,0.0960570733622029,0.13709904861539912,0.06052479348475736,0.23923333261235766,0.3368145635301212,0.1592189199698884,0.06710934178747631
1,2.7637224855404043,0.13491301102410133,0.27546668791999185,0.050867952991550405,0.0862728746922653,0.08286293836640553,0.5988803525309424,0.11802091951241028,0.06309496190642608
0,1.0951453470246457,0.28117196838898095,0.13385270256850448,0.1214298129323534,0.07388963405188524,0.4570822539896556,0.09875006933896376,0.1959278478164278,0.05292038187071412
0,1.2095873396940424,0.2781665363974616,0.2225471402876073,0.0240638230520145,0.05083726556800395,0.5015500316182981,0.29896341270679005,0.0718415418971042,0.05274392515778905
0,1.29888432978386,0.24144344139090035,0.16705050009938835,0.25026365174518755,0.053677319869716925,0.28738509912102883,0.14153141694573954,0.22762591795838322,0.039516594359943924
1,2.339169795926354,0.2724694577247446,0.009003161242171442,0.26289854106502636,0.07768930626035864,0.20493207529405652,0.20685085353420846,0.13948070020370207,0.10814852364264803
1,2.5065895648568377,0.12467622872343095,0.3637704018278168,0.15843421966867596,0.0222638291612731,0.5640393795701505,0.030259516080186732,0.1629962572368957,0.06200679828281805
1,2.3595783768408065,0.20495241431449457,0.5307666621427172,0.2509535910218381,0.08924485717048321,0.21159267214230038,0.389456471021184,0.04403760634364727,0.014714802300546935
1,1.2005586957430745,0.06811773462562506,0.09256097836422003,0.25927268322992475,0.03147519167894684,0.41525089456182096,0.2211870169378322,0.06207615846777434,0.010738055123700924
0,1.8123137051125853,0.167027942191306,0.32457877374147637,0.0923123607741271,0.01795139156633389,0.45892300732822083,0.3986660788319747,0.017124461482989992,0.015022700016353481
0,0.4306116609901367,0.2581305481290715,0.04283402162584582,0.1850573333430021,0.028999993841528942,0.20193666392949328,0.2617992305777282,0.235665541924494,0.08654123638375351
0,0.5537507077145201,0.13948657143626567,0.49348384398943473,0.13594039899800367,0.0467160808687049,0.48167441092035845,0.18626682497853436,0.09870014338167539,0.050702140852723156
0,1.1285229767646292,0.26913773459067997,0.3215181012419814,0.15930073990658108,0.04394642290616218,0.4641344307054123,0.26502329875368713,0.05794618056407508,0.009648927164082187
0,1.618983619073835,0.14130384780147645,0.4714036281782791,0.10195386015909753,0.043514535996669504,0.17219892724889804,0.42145896816921957,0.19342939421400945,0.06744431421210596
0,1.242040105613126,0.007904441921836447,0.46966332158452057,0.22528394204421345,0.013369210074442453,0.21422484507368478,0.31775324996246945,0.1773414728728368,0.05202727997235288
0,0.9542021317328551,0.048506860318646185,0.15762062141115135,0.08224786281178718,0.06942812024318475,0.09564776355067972,0.4673763531909101,0.195953857371309,0.0893460428321293
0,0.6623509043309099,0.033106971421402606,0.26022615320877357,0.15363511297575505,0.04670482687715051,0.39377677566164365,0.37614786526955946,0.011991824485189902,0.017743594730701508
0,1.2822522905708476,0.2771406915603537,0.3490327808142411,0.07553747765197,0.06735391579523785,0.5383042358087278,0.0775899574012512,0.16124100631421234,0.079973407028601
1,1.7947901408215472,0.0002966044657353062,0.23544861732147557,0.2542276838313266,0.001777771917157023,0.27451639764393376,0.2493133212166896,0.12710939118401604,0.09305543420687697
1,0.6575263991712057,0.2888545976045463,0.15513094838773384,0.1964382902606304,0.11419651992306763,0.37539607091609445,0.07261764996638113,0.21510811161349644,0.026243357320329876
0,0.7014621132279223,0.05598393854920214,0.4899934456942321,0.19333639284551762,0.030974320693864514,0.6054219255637836,0.1394659783864114,0.018717369033320323,0.012084013477102465
0,0.7673957127198655,0.17621590959808223,0.4189477901489071,0.10090896049977437,0.0036126791514268577,0.4137517900587763,0.3180321000396056,0.11407296676828373,0.049621503482133004
0,1.8898459686964797,0.2159269993235999,0.39358239413731705,0.15529214973684374,0.011627115217134222,0.47981451219100585,0.2556857923908638,0.06915266061103469,0.028427769853117645
0,0.8502118341055951,0.1706786961628224,0.11745386707544925,0.05350635195771368,0.06971049798536094,0.2985329234066953,0.4137940448783876,0.15255669982018072,0.011899481951661791
0,1.211967192437858,0.2656012675842228,0.2868295594931436,0.07334279205889527,0.008185335949920512,0.4190102197460322,0.19487311681406094,0.2063105012239239,0.09827803420716714
0,1.9366902894986748,0.21503669594667127,0.5876172251799545,0.19837388622368116,0.03142028751723342,0.5016527936330285,0.18492843759449243,0.03508151711989128,0.048543077911673366
1,3.250968667983461,0.10152166309696378,0.4458895661649663,0.25840596658528797,0.008659318290176259,0.3790032362523928,0.06590376997063321,0.14983626872776404,0.1381914401737457
1,0.7812768243259507,0.03799159835384579,0.1384490213045138,0.05212836170904707,0.05784425007291551,0.14605132692707948,0.5104596235741619,0.15661619522173856,0.07690024249505756
0,2.2301198466678955,0.050177033130671685,0.30722205849025036,0.05987648990294322,0.06597144892777984,0.2453401288570566,0.4223740193665454,0.16833636458434661,0.038101548361328286
0,1.1538839955266247,0.11279797827790253,0.5138546849484095,0.18116186713528395,0.04343205881099318,0.26916637814007577,0.2785134280395399,0.1647384312361316,0.0629878366379757
0,2.508360113684046,0.12181955960321603,0.5685114550861154,0.11967093152476684,0.0032149932724191686,0.2861490164182307,0.49584582737177835,0.03209509688796987,0.0630241345248349
1,1.145119225063345,0.011167091108291194,0.07614325899169118,0.23994128290361283,0.01708093862078874,0.3932726469493124,0.08530104557079708,0.2154449829788031,0.048959102976685605
0,0.7111145502403293,0.0103781282046147,0.11945255272770658,0.1641611037145572,0.013595600112588,0.3241831589924545,0.36659644889181675,0.07520233695736517,0.05626135133121826
0,1.0884539201733199,0.05463370723124673,0.2678510508385097,0.02310916434431028,0.049736314702278066,0.5652166300099858,0.16140517634023088,0.1531216755201424,0.047411039083052525
0,1.4525114434719457,0.008367299588613375,0.28810018770012635,0.0196335445693098,0.012490297491789756,0.48532725139408667,0.40069145327545125,0.04989848226838589,0.03195897100097665
0,0.5706242909268318,0.10881195132719614,0.28333367631079287,0.14384497915176356,0.08021528260663424,0.4005730510816344,0.15256029046495403,0.08776928927682526,0.13503710741818853
0,1.7951939707853808,0.27576092724129964,0.5849982310984686,0.11259641833463442,0.0022222103794356956,0.4770611618065247,0.27170911601413555,0.1270060776796904,0.009405015785579158
1,0.4,0.07486511099034189,0.12861231778224635,0.25185059946241395,0.046441603025124074,0.32420789135053424,0.274721909529112,0.05514314185673831,0.04763485477607743
0,1.4055179879981987,0.2379576038851403,0.5275999940583226,0.07385363991199595,0.013315286741594254,0.5506900944496143,0.26306611570521676,0.09055401022118582,0.008520852970393
0,0.7668255750234432,0.2687237303812864,0.5870045090469074,0.3550782262849355,0.06335537646965918,0.2058636220537992,0.11714428805822012,0.14684289849535542,0.11171558863803056
0,2.210848005980628,0.14764593184363978,0.5796709906037419,0.19385101422180143,0.0588072352025989,0.3362432447524659,0.22613813908331587,0.11994068068741198,0.0650196860524059
0,0.9841077726317948,0.12261286918853458,0.4740393483230623,0.19695334192347946,0.058324831166634526,0.41361906300933987,0.15154305065882417,0.16798081741681659,0.011578895824905351
0,0.8024425405888318,0.24761297624141254,0.4243038352213769,0.23472247926092346,0.16207918026855675,0.1680071388477477,0.06970457454987894,0.27018687030683847,0.09529975676605451
0,1.4958722159828135,0.008635366877732075,0.28098793475369344,0.1480980279824169,0.020972376882458534,0.41309156162790456,0.34236519841380203,0.06580781321986356,0.009665021873554362
0,1.0757455183607747,0.27968271618268453,0.24598683133202892,0.07673238504510126,0.016137201013473445,0.4878745592936397,0.3029330708740164,0.09419959472116922,0.022123189052600037
0,1.7992062090755678,0.11843108250119921,0.19309017220729227,0.12859396439148676,0.045465870399298884,0.562350857740497,0.08659890865859615,0.06897191466582099,0.1080184841443003
0,1.2512127206131773,0.2097750744184689,0.3523790681784134,0.1592618236980857,0.0932091721107653,0.38162175851889635,0.06298197523741388,0.23047595396129308,0.07244931647354584
0,1.0154664147435162,0.11794178631136329,0.5572259478334687,0.03929551378107933,0.058482449029582,0.5970904866868673,0.16092657025767795,0.08729017140611553,0.05691480883867801
0,0.968371668084578,0.18931325485943998,0.056619527635753036,0.1405593006837348,0.05422744075909041,0.34531317113362203,0.35735189424747177,0.0865918406575774,0.015956352518503508
0,1.4293770959034895,0.28979590357260226,0.49784022713715914,0.15850224853889675,0.02653253278804154,0.537472509211952,0.16931190120627537,0.0548625123717451,0.05331829588308929
0,1.4356751581302682,0.19621791822562284,0.10106195857077716,0.140652632062432,0.04150267572131035,0.41377498054196143,0.32934064037855665,0.013466371985041414,0.06126269931069827
0,1.4386849698164603,0.2264995997908979,0.38234476459639516,0.14921606828661244,0.05141786187682584,0.40845465558379096,0.28103330612126487,0.08369117079854829,0.026186937332957485
0,1.3837363628668267,0.1918490523880462,0.39750235356312996,0.1598294190713004,0.04244757461479213,0.382964119315309,0.2546817927366769,0.1512117501741657,0.008865344087755914
0,1.3911781940795755,0.1659393399712778,0.37409637965564624,0.2812364249734407,0.05224785832657434,0.256529668014609,0.2327908659800524,0.10296632461203854,0.07422885809328496
1,1.448416787864034,0.004894706725127773,0.47917385781584776,0.3888815604702705,0.049435040422860066,0.2592929813207145,0.1914389899379147,0.08383573098778539,0.027115696860454966
0,0.7596276838398435,0.010090850825194718,0.42396641148497644,0.10117057207510352,0.0001583910314477384,0.31954062651721377,0.39662193586274624,0.15078846418587058,0.03172001032761814
0,0.9012331678810555,0.12228153524261019,0.2944448121343572,0.03675073620067162,0.012763771475627187,0.532440245210404,0.2880482530392786,0.11892258978424419,0.011074404289774352
0,2.4947857704359953,0.2775868855609355,0.4506489178008652,0.07189213800950107,0.03462839732561658,0.17255213366049627,0.4821718901237677,0.21070475258052615,0.028050688300092323
0,1.9589213971327109,0.2609128959874987,0.3897832730512,0.07292096848602522,0.02056271900863742,0.6608591052683258,0.10339903733898405,0.09517250208442085,0.04708566781360656
0,0.4,0.12397042725246417,0.15833200357278215,0.1322418789794364,0.014181194982937524,0.49810046241713424,0.22532080161119303,0.09984789816411375,0.03030776384518496
0,1.7480478639175732,0.18026162990985112,0.5289321157055851,0.06869392925697437,0.023171032360195153,0.3392141160687358,0.44822479256222447,0.04049598202486195,0.0802001477270082
0,0.9659791385959406,0.17536452042252113,0.54005405399217,0.1903222518867339,0.014021685362301696,0.5358867566033513,0.05054310762311924,0.1629643535388912,0.046261844985602665
0,0.8267506326192746,0.12248982952655486,0.5402493648000538,0.029716313997922354,0.0071187819819184695,0.5046846920663106,0.2898188498733025,0.13264647336307347,0.0360148887174726
0,3.1788992477444418,0.29953194132549255,0.052560926998306785,0.11756417821595447,0.032384661422197474,0.49722535528477,0.19307905861942676,0.12299506416017739,0.03675168229747382
1,2.6786556384035163,0.10689006686808988,0.09579558903206546,0.31435891519673914,0.02009763829877283,0.10300906184360867,0.3570425066268268,0.12934183957616158,0.07615003845789092
0,1.4423006250688375,0.14651365124964394,0.403466024631895,0.22849539078059003,0.05856830049572452,0.11308301183515612,0.2576663217873165,0.24140517641969955,0.10078179868151342
0,2.3371990488030514,0.18871677393986702,0.16337476377952145,0.14861538651578546,0.05904081250907926,0.37818967228303174,0.24072596195891693,0.1452698947320417,0.028158272001144898
0,1.2698199163477821,0.20691632920089048,0.1914903125401657,0.1599156105002082,0.05408562866101991,0.4502704383409443,0.2957714468316788,0.023249394812883108,0.0167074808532656
0,1.7090281297168368,0.10918951231701064,0.5948125326582432,0.16440437053564474,0.0020308052154257373,0.318641282036454,0.32519825339790664,0.1443329874258416,0.04539230138872717
0,1.114889442030719,0.27340072360239587,0.15666746526917288,0.2350603928546435,0.025480174654395813,0.46268606737564644,0.07352315898704957,0.11913387452297135,0.08411633160529342
0,1.4602535786923618,0.22696525255362499,0.21085189770675988,0.20925024675221923,0.06332009036393028,0.5511345830474815,0.09471838751184128,0.028975818378027443,0.05260087394650023
0,0.9588830325987798,0.11506773242196523,0.5576782541845304,0.0585854431676654,0.03483887068745618,0.5717414130133694,0.18884483247084824,0.13465447645458312,0.011334964206077719
0,1.1294679764477753,0.1380406876436955,0.35558733065544385,0.03456783517922385,0.04923084926794612,0.47349134278528526,0.29887245105911603,0.08573134396619511,0.05810617774223368
0,0.6407552444181064,0.09885215501802859,0.44854691523933227,0.09655828957254427,0.044820373714382966,0.514423762582278,0.23392771308102744,0.07035963991185204,0.03991022113791528
0,0.7343632366752506,0.033441833450430926,0.2183615393821448,0.21119204196515495,0.05839316919595823,0.342996921812934,0.15976145474461975,0.18680150690947753,0.04085490537185548
0,0.48300718736879433,0.22381324759425042,0.06867569647717413,0.08541977364170705,0.03752194046734946,0.40574459363601345,0.33511993673958285,0.09527731637881555,0.04091643913653164
0,0.7576473774521524,0.2116169724164938,0.5422513618293425,0.18270786200532912,0.06858871606675788,0.13121894575276463,0.3430211543792306,0.18809712067988688,0.08636620111603095
1,0.6747413306228589,0.24926003214217413,0.11468272483587835,0.12338396925419837,0.06798845978967928,0.09924252477673126,0.6258379602611005,0.06486259416538603,0.018684491752904556
1,1.0050959573812177,0.10946261581530323,0.29995812428712,0.15610349026947704,0.08384334528101219,0.10038589660553676,0.5895731259890599,0.05133990851885356,0.018754233336060615
0,0.8969374883637473,0.21695985180532504,0.45317080376039576,0.08996585074905147,0.02408961573160155,0.5024529900410203,0.2612785553868882,0.103019795605793,0.01919319248564552
0,2.5616654053904377,0.2537439400962992,0.20172775318609418,0.10727331333460821,0.08954267206213014,0.3332937767028823,0.4384808231663254,0.010439432402164765,0.020969982331889233
0,1.4444757524747842,0.12216019555084728,0.0874230980157349,0.03058209331308959,0.03945949846445586,0.5382948063567267,0.21266532763546556,0.14629899370924154,0.03269928052102088
0,1.0940658066506403,0.23690129989577913,0.25460486941297356,0.04544831076371889,0.03848495701919495,0.3396133828546635,0.41895463670307653,0.12797261970903895,0.029526092950307108
1,1.0210367036413075,0.035621149434437636,0.20530730744230669,0.22833179593776157,0.09262024503443042,0.17709642918868831,0.2049518210569417,0.20319971076180704,0.0937999980203708
0,2.860434337499862,0.18669936407721374,0.21839128276428557,0.16273676168764944,0.012052115283933133,0.30149991269397736,0.42424058091967753,0.04193806238447466,0.05753256703028775
0,1.2570961390158932,0.18654103174662756,0.5258006316921446,0.21312539046188075,0.07264055270337694,0.30513600225367116,0.33830681045202016,0.04796309834457628,0.02282814578447481
0,1.477797088035087,0.08636758273117194,0.05578484848359413,0.12201933543359603,0.010070814329722002,0.5849450899063311,0.13880056863007822,0.12123475104627683,0.022929440653995808
0,0.939035634326252,0.028040820499578487,0.14738484149225153,0.1433918501362016,0.046238141844031626,0.5078997633462319,0.25689790330284745,0.008574214599761909,0.03699812677092551
1,2.3364368195978105,0.2087786068021168,0.46074340423812427,0.28355396679197153,0.05408115884832305,0.3973905916083075,0.07850426054442884,0.17102049369194883,0.015449528515020279
0,1.2016875807536778,0.0943890768301482,0.5394620944494078,0.1386335678141064,0.05324324341926599,0.46375243917863435,0.2557572966208232,0.05130572158982002,0.037307731377349995
0,2.3615796370041653,0.19170745101824524,0.08248288171546843,0.11419706337703804,0.05393903033889135,0.5105085277878724,0.24879318294685032,0.016509380852350937,0.05605281469699696
0,1.0032710520172068,0.013990669965702073,0.46460455140559775,0.13021608584855077,0.049142660530184526,0.5002017223417545,0.25164575925763316,0.04703663752776815,0.021757134494108876
0,1.6047810554980284,0.04244749803300757,0.4101419545325766,0.1422806814811141,0.022921902339642728,0.20288378496404558,0.4463164408013199,0.061201676958690554,0.1243955134551871
1,2.1119111657112457,0.021114474280194584,0.536654973352319,0.11388307052439023,0.06851575018508031,0.7172455597811895,0.04012902263382927,0.04505936492530901,0.015167231950201606
0,1.0346561330132569,0.12856540830740434,0.3936365619934267,0.1353455377953422,0.023741847065912418,0.4744536619389982,0.30872583361419165,0.042892992524860396,0.014840127060695053
0,0.45178004833550645,0.033569442350389174,0.13517269239104315,0.08098259795372481,0.006796771169536946,0.3803840809131072,0.4086612289466655,0.06803181461409365,0.055143506402871884
0,1.1252997989491615,0.24031074728352272,0.5257690083578678,0.07261335998350717,0.05638416096426161,0.056931725937930486,0.5429742708805556,0.20509291678039995,0.06600356545334517
1,2.3719610676620366,0.10356030242151794,0.03846282584688119,0.12411522958691518,0.06518333130332185,0.5736304251298933,0.04741559932254875,0.10741216297884258,0.08224325167847837
0,1.148687461659605,0.24402959864746115,0.011888015266753338,0.17821880104845145,0.05134780586850812,0.27493821468043506,0.37706267093802553,0.09510802215008603,0.023324485314493743
0,1.4666723080611908,0.18803090903103722,0.5749587899198767,0.0936968729829823,0.046899478491781714,0.4048617376316942,0.21865808347792579,0.17448023145342942,0.061403595962186516
0,2.1797334523536067,0.19138280194341706,0.25180773291768643,0.13097257958965472,0.03674665657794352,0.5103020431437384,0.23493229479561475,0.07406922840983764,0.012977197483210951
1,2.0338435768299643,0.032971094602856056,0.13257633076848768,0.288550902775648,0.019987378796648858,0.22477484867661365,0.4380535116600746,0.014161576944255495,0.014471781146759394
0,0.6968557876524841,0.178455896815738,0.5421234158279931,0.05040108406531359,0.024719430083809908,0.4687217609081009,0.37527866887755096,0.026874235389294506,0.054004820675930244
0,0.5189082076752913,0.16140421163172258,0.5430322998918471,0.27661124000037385,0.07874104861477363,0.3279106056519142,0.15195947957130548,0.1226958087311347,0.042081817430497964
0,0.6416026060215562,0.26474825295533594,0.40687660836324807,0.18422958583887478,0.07893016202080277,0.18016807401025248,0.37847886019011023,0.13884943790162996,0.03934388003832982
0,0.48978849527225704,0.13384174026631226,0.22968291031950105,0.0493488868287596,0.02223263063232366,0.4977045599135517,0.321373619159535,0.05452493126426841,0.05481537220156156
1,0.9923753219791935,0.2712810467959524,0.14407526372362922,0.1716824423708085,0.04106291291669061,0.5173413526861156,0.030996931434069164,0.18235524296502553,0.05656111762729049
1,3.150164450298411,0.2563619355485755,0.2303849556703137,0.3521872475015539,0.0734188510922333,0.11998409743058545,0.2848211736674462,0.09618508014372511,0.07340355016445589
0,1.6165551669058282,0.07460045535829547,0.08597449572447448,0.15237606749189742,0.05157311020977712,0.4882797764184921,0.19817149985808635,0.07033317004805117,0.03926637597369599
0,0.9156159406532473,0.04147431430377992,0.2791849335674351,0.2135364860113554,0.043318102573433916,0.5575402164145964,0.09254324817950686,0.024045434458158696,0.06901651236294873
0,1.0357287214663522,0.015800282608673954,0.2332280761917898,0.05819155373234467,0.055846836191772165,0.516053935875912,0.0963550265425584,0.25855365852804585,0.014998989129367092
0,0.8935189795465762,0.07309157525324415,0.09710408038898166,0.16447519223264265,0.027704601517520727,0.5750250489877556,0.18664488587460515,0.032575203413991255,0.01357506797348464
0,1.5296918737482774,0.09729595289833325,0.09505346289135498,0.13894902547565144,0.013382952294889878,0.5795013359226322,0.18137715339809907,0.046265870195674776,0.04052366271305272
0,1.3415361782042559,0.2927291134241206,0.13789362898553761,0.02694468542118649,0.013281307671627595,0.5269060423572922,0.31756021052135375,0.06128714657465467,0.054020607453885205
0,1.2536179691670533,0.15028927691555338,0.5530239403083428,0.13123288720663798,0.023075132941899414,0.2598376686052594,0.24307797626227287,0.26367365792183656,0.07910267706209372
1,1.8042751377763842,0.2014353369732181,0.04568449578331972,0.2492557982844235,0.05065155120869165,0.5032187932340673,0.06211043459102902,0.12001395889848875,0.014749463783299605
0,0.8686488733600795,0.26609318849668295,0.289512948106194,0.16065502333446757,0.07013545467916345,0.5517379986795194,0.05869681394902886,0.0824103725564461,0.07636433680137446
0,1.3727957045865558,0.1781868559713645,0.061457466765971275,0.08485439412532447,0.0527820569559218,0.32092222523175074,0.32323753594885546,0.14536989208218998,0.07283389565595745
0,1.2885994441607251,0.03782094708990846,0.5126639212566363,0.13895880407141248,0.04578615249365492,0.3958077500238229,0.29585654754472906,0.08011435261015533,0.04347639325622529
0,1.4836696797032458,0.026695353903152207,0.21161038857795814,0.19958885894619183,0.013652904216835703,0.512540127984202,0.08005888616537712,0.1780783005692392,0.016080922118154015
0,0.6342739182133545,0.08144201984562145,0.5408814899565426,0.19196473864855185,0.015270269448894461,0.4507857759922879,0.2104018614590417,0.07377341272646815,0.05780394172475605
0,1.5570229700853209,0.20098496010350023,0.39659929549402123,0.14038206124019173,0.009487669771260258,0.6658042174568675,0.049962677658067306,0.09446149017803855,0.0399018836955746
0,2.140786021148423,0.13129376485825292,0.5317926712767448,0.0797233321754505,0.04798935020108721,0.45048736244546833,0.2311816770534929,0.13993044653740136,0.05068783158709968
0,1.9125967380992237,0.0791924298371815,0.4694210337398941,0.06351759039938806,0.015177750859162165,0.07905383468909737,0.4104531636321119,0.3128228285254804,0.11897483189476007
1,1.9199172610908288,0.02002772405786407,0.37598082794502025,0.20084858428810942,0.05918823013918895,0.523177336463156,0.0646540739617857,0.10760013703859873,0.04453163810916135
0,0.9724137903542696,0.21139866722489606,0.03869669369613451,0.11885007478055926,0.01892908220335529,0.4700282740265173,0.23916479542088487,0.11117171225095732,0.041856061317726116
0,1.4815408794666491,0.17194986908338916,0.5817216603426552,0.06888670779213846,0.013018234849403986,0.29991773043729253,0.36104469794444943,0.17695569959182345,0.0801769293848922
0,0.7621088310752386,0.017179738706471825,0.23725056861166546,0.12126053541273131,0.04624519884821382,0.7068087051234734,0.09675424839925739,0.014666154507335598,0.014265157708988377
0,0.685574194144962,0.21840283814930386,0.09466215021470205,0.039523024700320625,0.05628273510130583,0.19096568895742064,0.4379124400117669,0.20769786038250732,0.06761825084667872
0,0.8045876525067975,0.0651382073023107,0.5753872948030236,0.14167505625506774,0.06990959788856599,0.45708951385545293,0.23402646751387157,0.062055426301687,0.035243938185354796
0,1.2178162331694984,0.2727080294718207,0.12170269664878125,0.0722740863672473,0.01738255194758592,0.5319443177095848,0.2520791699850189,0.06769044377267004,0.058629430217892846
0,1.0546569296167358,0.106134712868978,0.42368965991360086,0.27236667890886795,0.10211135085043105,0.27279964185014866,0.08205559812413449,0.20255371331029207,0.06811301695612577
0,2.832237603865404,0.11264098197766453,0.19390629927762906,0.07724176913464165,0.03577716990523993,0.5079373569432953,0.22363918657741585,0.13222451791255707,0.023179999526850074
1,2.3560653730119214,0.10826763693279062,0.5521249005469192,0.24518593892787688,0.06050806774247836,0.293171461957473,0.08699867126289548,0.21751709175275485,0.09661876835652145
0,1.4085803289816212,0.008005490233668444,0.18245222984436438,0.17038700857597466,0.04930830993765871,0.417533473625321,0.15907707631794976,0.17125163881323224,0.032442492729863465
0,1.6800494988763601,0.17389394437926728,0.022617375643487335,0.1326954193159446,0.04006732992499585,0.23800266080088212,0.4106574913779493,0.13085708869018478,0.047720009890043324
1,0.7799582882601834,0.03338566108748434,0.23867439113725097,0.24911778339580992,0.06612869563000094,0.24559554583476823,0.3464500122811867,0.07535043025726618,0.017357532600968194
0,1.8147788365041393,0.17216944307052687,0.4669752591306217,0.0380387345129973,0.055599100510575906,0.5985145657536367,0.1774610602543011,0.09047784778868637,0.039908691179802475
0,0.9875689796527576,0.2609349341578835,0.4759731817580992,0.07052768682137896,0.007254871913772143,0.4867689279739795,0.30007476986475046,0.11026303896707518,0.02511070445904372
0,1.109885508869838,0.009779146654331994,0.22964483000381697,0.12825625242053418,0.04543411608769904,0.5019652794354776,0.23694764392858955,0.0632555531536328,0.024141154974066804
0,1.4403297760253826,0.19533507817020326,0.4445159032623655,0.18297527945820138,0.051014984171275424,0.36044110984289923,0.19209227090868294,0.19903220098644878,0.014444154632492287
1,1.1130837157585938,0.0940967215408439,0.0058028416470427,0.03323100728311111,0.08274231924396198,0.4460810968510145,0.12623758420290992,0.23466579189778936,0.0770422005212131
0,2.9280638777492385,0.03569424895022603,0.4365152782624718,0.19715893898737177,0.06010897913711567,0.18886066437525145,0.35374074080628887,0.17134073439483644,0.02878994229913596
0,1.2439992059790153,0.2734781834483351,0.5929408185173154,0.12337783639030483,0.027751841553475265,0.6603808781034051,0.06186749656205077,0.031205917944023526,0.09541602944674071
0,1.6495730499990326,0.09804463908467166,0.1716429663402629,0.14504484532894849,0.01832046289975123,0.5247141372199285,0.2002449148394291,0.06168738776315897,0.04998825194878375
0,1.1653138278595148,0.21359561474186287,0.5760090141849284,0.04682003773036407,0.0679236027783127,0.3374067726970856,0.32851466232016746,0.15865441062860441,0.060680513845465835
1,1.8757787480619847,0.18421636923066634,0.2265065369034102,0.3672202211544171,0.07723275627274895,0.24883086299336762,0.09487693536173968,0.09094009535327939,0.12089912886444733
1,1.9968018333896338,0.1865549622330617,0.12908615278002458,0.1974260941113222,0.09255791002725003,0.13176273426799037,0.24539491845799113,0.24802027601802562,0.08483806711742062
0,2.9116916121196903,0.06272856944623553,0.0901267740034128,0.15495056195912216,0.0057514596675249585,0.47783923762720126,0.28715247402870414,0.04092466599594121,0.03338160072150621
0,0.7023253372041902,0.275756948589924,0.5609197311318606,0.049566664771033164,0.03504419959295126,0.6623101513382246,0.11859270187100986,0.07209222890512144,0.062394053521659526
0,1.2887740081567882,0.0355205936928483,0.37812071497083194,0.29929044413568673,0.020302671477329944,0.4004951202532315,0.15377199267142252,0.07718830217918311,0.04895146928314631
0,0.8449850151692597,0.20867791377120704,0.37721398541527645,0.21141973087150456,0.07981963888711023,0.19551404372471828,0.37367983297756563,0.05939708234285466,0.08016967119624646
0,0.5475115371129042,0.23019157897002804,0.14910332062211956,0.17257171504189017,0.08461586573993242,0.460271886843523,0.1782940314959816,0.08110315377335672,0.023143347105316174
1,0.4,0.03488698808229191,0.4375422476571124,0.12317142999486536,0.08669668774094542,0.3454853772113828,0.32288694439659554,0.06136988267910139,0.060389677977109556
0,0.9801655153105759,0.17451955035176117,0.4087542201675534,0.06434072328384526,0.015175422753788172,0.5377989726464956,0.23717437716981907,0.13462349020893666,0.010887013937115199
1,0.865892314915152,0.032019908703700715,0.04851839890465295,0.2963053401526129,0.039682954533452525,0.19638819898083654,0.21121975383667418,0.19831826873596176,0.05808548376046196
0,0.4952783804604637,0.06483412731555348,0.3926006448475268,0.16223741985219794,0.016490538821437094,0.5555490697513724,0.10873219786823353,0.13919291550451018,0.01779785820224879
0,0.7462787395244685,0.007807518638848886,0.1855394356914424,0.14466397352379803,0.039248844038536776,0.23326987960107018,0.08966813576667898,0.3490997516011214,0.14404941546879463
0,1.2661526376368757,0.08729139870048261,0.15733840793159748,0.14072571155942984,0.049295097576171024,0.26104389839864944,0.39153611680525136,0.08602624752028294,0.07137292814021541
0,2.046616912660319,0.21006830299164497,0.5031392003377406,0.038765966273453335,0.09655910358916805,0.47622514711939745,0.33560157607817115,0.03366722187172511,0.019180985068084935
0,1.8837958486462432,0.2598764413995998,0.2992036224929967,0.06229606433632146,0.010144158346792196,0.5683866429943344,0.33198966874267277,0.012475432046113928,0.014708033533765234
1,1.4461511150993998,0.15288401664543363,0.1550768769424404,0.052175726835460574,0.0490951149500641,0.203757997655572,0.5306733132878454,0.13479704127270703,0.02950080599835081
1,1.3665828271424383,0.20537517985632942,0.23888951723398483,0.3310772384580815,0.013618167309040204,0.49423675964250585,0.03868666561607242,0.08927733475236922,0.033103834221930604
0,1.1473668477394354,0.19109319719790185,0.2634435732924913,0.14036633068623233,0.03950278412979875,0.5726720280405944,0.048618481676393085,0.1447309902924115,0.05410938517456996
0,1.446558386933631,0.1494489652117107,0.4949679424705882,0.2839263143903137,0.14844475282803538,0.22096845446044971,0.14763411687147043,0.08764816511532862,0.11137819633440217
1,3.0698486964927185,0.05993009977975102,0.37316118904518464,0.09525260937209135,0.13157830910809734,0.22724041927582325,0.2635609051229041,0.209118784551687,0.07324897256939694
0,1.8975051496454132,0.05771786862306589,0.3502948975727816,0.10140561645940284,0.0558067933658047,0.6016231508752643,0.12053230812861691,0.09422358653270366,0.026408544638207555
0,2.474499241211105,0.10261832621490599,0.12769492153994877,0.0355514868207404,0.0035928272896191037,0.5379077876232463,0.37913507169684296,0.01198755828886367,0.031825268280687435
0,0.4,0.24292242174146922,0.16171830206463805,0.2518021225197166,0.026824463746522583,0.46690391404355225,0.14994146752770166,0.08700162262251437,0.017526409539992543
0,1.857767604982818,0.18219737385961973,0.26008364431131065,0.10027503232910416,0.059156206881437585,0.23094066009123793,0.4243690464129674,0.12129956849745505,0.06395948578779784
0,0.7793968434057525,0.2996554751934014,0.1636197046282545,0.19568748849391127,0.03374699800149944,0.13753568981534442,0.3515379929929346,0.25809722877862407,0.02339460191768607
0,0.8207366784902275,0.24701242175329197,0.31248839147970464,0.23077935781370545,0.09491372477793553,0.3271629192411443,0.3218530063389776,0.012878789405701894,0.012412202422535193
0,1.0991254918880007,0.26639854487396747,0.573939052497587,0.2137731457531885,0.07490694128796785,0.5029884515491027,0.10279281086054447,0.03157700974365873,0.07396164080553785
0,1.4702509868449218,0.2608433483846196,0.20611684198952668,0.16919657788988499,0.04179308773545323,0.5045584533575899,0.16834346021628793,0.07841577087722787,0.037692649923556074
0,0.8536359485754761,0.18480435065657588,0.5083515398468308,0.25617341511325203,0.03772777063736335,0.3398070369932684,0.19824455228636528,0.08123930020099157,0.08680792476875941
0,0.4207848817173857,0.021618405869602928,0.4715820000613505,0.07132584318170553,0.03499664294365019,0.5521017813067366,0.2199364668177962,0.10064895977050439,0.020990305979607105
0,1.8966861516876317,0.2337941712759457,0.08862255400884797,0.10936706801370713,0.04734773290449854,0.45456413071182444,0.2247054980232842,0.09878462407672021,0.06523094626996538
0,0.9067354691020058,0.2359695385732326,0.3610121548152478,0.34023140838476396,0.025997048220279175,0.1452034938700526,0.2526534279886297,0.13453118314355117,0.10138343839272333
0,1.5498843195027545,0.14632560929264546,0.23509668732656458,0.042727502869969895,0.04729830222903951,0.5467956456893093,0.22797259233125156,0.10647757547412615,0.02872838140630352
0,2.274550914323991,0.1571753108964645,0.5051430725073562,0.14387301064575517,0.027146861768450735,0.6382684480959491,0.14209712896621884,0.02063900378158387,0.02797554674204237
0,0.5912617624289046,0.2991659482727389,0.20452450296128058,0.12937647473313083,0.08829832197536233,0.5988203461846777,0.08944203099085186,0.06858406464194451,0.025478761474032764
0,1.326325483519478,0.25361392815935674,0.21042400180112567,0.031941268963366104,0.010264782893013129,0.6865510886944163,0.2024673091930362,0.02799769307913949,0.04077785717702871
1,0.8124932418395212,0.27848610391201317,0.004602374256105546,0.03347222750188052,0.0015586380630605516,0.22563122428660054,0.5501678100538184,0.15818933424249984,0.0309807658521401
0,2.2755921389041207,0.17856613195255336,0.4508500546101303,0.022599342315205665,0.014374566933412134,0.5133023741420503,0.3686354872704789,0.06642444977279671,0.014663779566056205
1,2.2762941150770097,0.06292365514891474,0.02490433081972303,0.31607873102630046,0.005747559889516675,0.05520580912117018,0.5156796406389977,0.09133408804994604,0.01595417127406888
0,0.954483207024573,0.26509186581306154,0.43553144406107197,0.22577643964516678,0.07844640789775052,0.10567667646376627,0.4036655296447796,0.10748116638546017,0.07895377996307673
0,1.077602667652046,0.10152208901105501,0.2646260572705375,0.2176329866696067,0.047803131470543915,0.12437538737778975,0.22859911321139592,0.22364904566561836,0.1579403356050453
0,1.5554389964054491,0.2758104321601075,0.22834887580234572,0.059403966558004576,0.05297776616130832,0.574010488734947,0.13497357702448404,0.16745422104154242,0.011179980479713454
0,1.197772558964455,0.03030478625431624,0.3678668219790418,0.1812950361256545,0.056693840229877376,0.23733273506144476,0.35088979257679265,0.14525019096420957,0.028538405042021174
0,1.8245036458233486,0.26850512564839657,0.2867960152402141,0.08370397708041025,0.030241240986147687,0.21316855321925876,0.43950274238226705,0.12690546212511178,0.1064780242068046
0,1.252276646080441,0.15428496291221258,0.5720939607732982,0.12675825255862183,0.05128278407923927,0.425029897431612,0.25070191559501465,0.12150592080999052,0.02472122952552171
1,1.7930036873599318,0.05084681661313312,0.24780012230381843,0.3664903204354299,0.026874824316684868,0.11012342985216467,0.289615509973794,0.16633156651586387,0.040564348906062746
0,0.9457557156497427,0.2401331074545413,0.4442452430089524,0.1794298179129253,0.0857568888391988,0.4447908617553652,0.20027682772149794,0.030720146611552215,0.05902545715946048
0,1.6529716509223196,0.13845711115621065,0.5293797268253223,0.17922712018992082,0.054841779163113634,0.45266029011780967,0.15896187412231508,0.14243224110795583,0.011876695298885073
1,2.764352967984898,0.0057271783238868725,0.1250965942844295,0.21172962237077872,0.07405161559130469,0.4773049395668123,0.05947360919793695,0.16299065975837393,0.014449553514793339
0,1.5487344631688944,0.2242486116789402,0.08381837341084512,0.031024475164590417,0.010221882302673244,0.5879955649660599,0.09286641904114815,0.1898114366615543,0.08808022186397395
0,0.8943946019878997,0.032236953326542195,0.05307829165119,0.024528513749332233,0.06010839188362056,0.6322921376341337,0.1803856008017521,0.045824826541604594,0.0568605293895568
0,1.8694336927658641,0.17169495365878987,0.2496648249793753,0.04409809666724382,0.017903394932860434,0.33090791933565944,0.43852332476658057,0.10412944835512732,0.06443781594252856
0,1.5889644077537701,0.22186596108719947,0.3632999566010806,0.13130840534073732,0.011735443016499788,0.42219102560257254,0.26033229441387495,0.13806858039045494,0.03636425123586059
0,0.5440165905197624,0.10654635442041961,0.5101872036827846,0.2531116480492476,0.04640013919598983,0.1625125033488694,0.4634889384250045,0.06015942772318061,0.014327343257707986
0,0.742558255177791,0.294042459694316,0.5443269694898701,0.10179514045448335,0.017170773420303515,0.49064114388248475,0.24935839216661446,0.1082210517712875,0.03281349830482629
0,0.5743804571389519,0.18719147598331887,0.4808120549272821,0.02350978647726478,0.03717807911570869,0.7022900847629987,0.17066141705815766,0.030084998956486614,0.03627563362938368
0,1.2881546993136586,0.265399972712495,0.15525341920149135,0.18960430528111463,0.04731158975555011,0.3224659573694609,0.26714811539361655,0.1649148385578166,0.008555193642441072
0,0.7526739428713857,0.02704665188391171,0.2253626356954871,0.11661222284249233,0.09864007020077495,0.4762701070104596,0.21952876016172299,0.06235407659420759,0.026594763190342485
0,0.8576225332520842,0.1792138722137586,0.08257566411683685,0.2243010962373854,0.022582760461723552,0.3149674134569698,0.2049320970382791,0.21325638393883703,0.019960248866805103
0,0.7145543581947702,0.15977255623220996,0.43297703838359475,0.09272632847019949,0.07553461281453763,0.540408245712348,0.09587713002946846,0.1178424975680359,0.07761118540541039
0,0.8319794983733718,0.2636964816056327,0.23331620516100038,0.03289483376880703,0.0708357733021619,0.7088259601021908,0.1269141600279295,0.025709709180455027,0.03481956361845583
0,1.1804488785174612,0.02233438361534149,0.3819227708716271,0.07727043935318606,0.0070708107570876975,0.13965476825201892,0.4899486571033655,0.20888477066533817,0.07717055386900355
0,1.6595114389919838,0.018865865075080823,0.2660201414850819,0.19279811074829276,0.04197362083116895,0.35106784067533475,0.2650429570582452,0.11536597428481953,0.03375149640213882
1,2.5347410295773427,0.1557338939809313,0.21709536728697787,0.06359219981209281,0.12347022612505756,0.14483237890128617,0.5687699143588496,0.0728030026668268,0.026532278135887075
0,1.3548920042741939,0.25885625601242024,0.3721506110972282,0.1310220652085517,0.02685438537676302,0.4777015409094387,0.2739279530890882,0.03732085953339106,0.053173195882767296
0,0.9750208565046103,0.26447814839846706,0.36555425821564946,0.16748057142506084,0.01726728096924517,0.48595709930422093,0.17932393101287003,0.10315328119330797,0.04681783609529514
1,2.0296419964064327,0.06217765002229248,0.19720450372584938,0.024205453047675008,0.0391571324724699,0.4081703078430664,0.357999957786617,0.11258477700709568,0.05788237184307611
0,0.4573309219771362,0.29347286798113964,0.5659841287908217,0.09437327192248032,0.01795346523430732,0.48505837408253516,0.3258639021868979,0.029447162841487576,0.04730382373229155
0,1.4830735758258644,0.0036599562895346157,0.13340719467606368,0.17939965320494944,0.03596026967138761,0.2571278005667443,0.4498442521179053,0.05865421537586685,0.019013809063146533
0,0.9417664484544935,0.23461995189255103,0.05257783944335168,0.1800747650468719,0.005255807177074234,0.2835539476822139,0.29458766995816144,0.18984635684948065,0.046681453286197924
0,0.7115853856785532,0.02201729084570291,0.09711406525682413,0.04551389392031787,0.022823919180658354,0.44091148246390205,0.3499934220982042,0.11377534956651367,0.02698193277040381
0,2.4663405018075117,0.10204913802273193,0.5564063575925823,0.17217150914084428,0.003566067403011314,0.5745109209044288,0.18895545182802367,0.024201827677425496,0.03659422304626645
0,0.6005726963021741,0.019855666398072267,0.46335639359824354,0.03540465372687125,0.03656252830397998,0.45434270157470175,0.37207617063127085,0.024319432592709998,0.0772945131704662
0,1.3303633331913776,0.012402732435917163,0.49595200434599784,0.17798132079745987,0.006414070866501368,0.5079313072425823,0.11832679918942453,0.14861216788758597,0.040734334016445786
0,0.8098348613641887,0.14716457637040944,0.39922977995869446,0.1904507749496963,0.09339377094774146,0.37113243775535204,0.08643442135917931,0.23948029290684356,0.019108302081187457
1,0.4,0.0025061488546674893,0.04760506015517683,0.15880932434392742,0.030322152662750713,0.1815102995780089,0.5837336337251032,0.017685031169527302,0.027939558520682455
0,0.9232659852112126,0.23594348845599245,0.09432966288036093,0.18560126652761155,0.040137618031994976,0.42153713194881787,0.258656219644391,0.029916445165747232,0.06415131868143739
0,1.2260978317794393,0.09113422747344646,0.0379648423861177,0.039843601832396,0.07183400085433699,0.5649215865244233,0.15252059830949322,0.14755949053356673,0.02332072194578386
0,0.7630406600175744,0.13363650370556504,0.3528359954339274,0.19637200450104098,0.010605506417957957,0.2750756272456738,0.3477778336273717,0.11038194420086006,0.05978708400709549
0,2.389957573337939,0.20178437833200027,0.11424306787621746,0.13908098054629447,0.004238430281034206,0.49126109560164727,0.27948435207906147,0.045094134002871086,0.040841007489091426
0,2.217188360937362,0.29147374621032884,0.20890715731571594,0.1319137915272711,0.06557175807725583,0.22708766437860922,0.3846244996802916,0.13600480463686906,0.05479748169970311
0,1.6520972533438862,0.1877855690420501,0.3625024646306935,0.3796236140371471,0.10141550923720648,0.09728303638906913,0.1731696092176238,0.19754280896325846,0.050965422155695064
1,1.9783753988649466,0.27221795605688853,0.2863328155919259,0.21013166774218348,0.15099745977260967,0.3526495891197222,0.13620583655611407,0.01838647260571601,0.13162897420365455
0,0.8927515125172094,0.06249624517512668,0.10760721102541819,0.09213324048173686,0.021232028996213643,0.6185447219298739,0.09769919215306314,0.14571042686490085,0.024680389574211658
0,0.6664994297565006,0.19533608147269566,0.3906052379123844,0.057957312514085896,0.06737774265919884,0.45354419685150094,0.24332240331094857,0.13503241176724884,0.042765932897016974
0,1.121384943324512,0.20188602814784304,0.36825610078508453,0.23527151384102543,0.13118890525417906,0.10145266973027332,0.1264570487007293,0.30510175339844336,0.1005281090753495
0,0.4030247803962538,0.15410461107645537,0.15101815082254558,0.18614151464428266,0.027314925581626456,0.4459267042187343,0.14995162766938436,0.1461959065514422,0.04446932133452995
1,1.772013159288095,0.28408192758913625,0.0528735325137271,0.1007731697391701,0.0825193831773696,0.5148235845105844,0.06948686542334293,0.09738816839129247,0.13500882875824063
0,1.4149460876369777,0.1974021186581741,0.4781109933637194,0.16613986292544225,0.049960843765675195,0.25182946407083706,0.3051104146372929,0.14107360047193862,0.08588581412881385
0,3.209699071273919,0.1478397765533497,0.15177341447535067,0.09361183485326695,0.05735048316345509,0.6168145287363126,0.19213296996231213,0.009523398895849057,0.030566784388804124
0,1.131505003968339,0.03372510844122684,0.4603851740119207,0.24041672262811442,0.06529043325115573,0.1324088954546334,0.40958226191376956,0.11988792454895097,0.032413762203375794
0,1.2915321000677182,0.10145407371779615,0.4808736533826755,0.13495508284199878,0.0038154431214438957,0.43221090105558374,0.3645816209577685,0.02907430235251935,0.035362649670685684
0,1.6581967658053647,0.1291368936419561,0.24697931661834716,0.03503357836883549,0.045163214488395644,0.580561095428663,0.2903505300383694,0.01747259054572367,0.03141899113001289
0,0.4,0.18427145431251654,0.27349358409714564,0.15233033251597564,0.05393902058619416,0.17527003258230472,0.42761514167553133,0.1598594270466061,0.030986045593388085
0,1.282681903655023,0.01134549605634545,0.20292247313634695,0.19023048460991804,0.04787820062286228,0.41810546203603693,0.22882819562317,0.09589676731329189,0.01906088979472086
0,1.6451172128548213,0.022911754626075576,0.5697559506191379,0.03940342272961478,0.04396344283178299,0.6557620402027632,0.13434081691290603,0.1132301542630228,0.013300123059910086
0,1.7211556083481874,0.14483726219078133,0.2719374465050218,0.1640373088963731,0.05651262523832051,0.5037466144727344,0.19656164087226943,0.018678617291818928,0.06046319322848351
0,0.9596097492141731,0.063941761165727,0.02860033285100727,0.23831371212089553,0.048408864768784636,0.054989643309265444,0.4642453700631911,0.17395347126722202,0.020088938470641405
1,0.5033220399121986,0.05529727521577885,0.08039367292414983,0.25025308930798174,0.03805007634234838,0.25962377990249147,0.318126487229309,0.02516891363360684,0.1087776535842626
0,1.0815309509532405,0.11417296576120317,0.14838669401450913,0.164284799528764,0.01156806512251642,0.11981920539160909,0.4282126386426898,0.2529238337532536,0.023191457561167136
0,1.5010551168610902,0.051508900847971294,0.26874716606570026,0.06753955686891328,0.00888643346413681,0.38679107540752944,0.2886847830774275,0.19285181345594993,0.05524633772604306
0,1.3961166299843049,0.22738371648820918,0.2375309717325317,0.32001284615353,0.08496200200920634,0.09597401805518925,0.14168778846124377,0.2409701578474548,0.11639318747337578
0,0.4,0.07839568067633938,0.5667687600565361,0.10718027470564938,0.03365026606636856,0.5478712988397535,0.08940087511582673,0.1312321709651746,0.09066511430722733
0,0.8199241545805569,0.0990090439923986,0.5239946419541888,0.019243341188897412,0.04150430605800033,0.6264650975095832,0.26883639226677725,0.026347631535088654,0.01760323144165306
0,3.079964109174974,0.1414169144779547,0.3863346918377352,0.14024503809780586,0.043151357432274905,0.37989382843205555,0.2756573752358739,0.10839767747523192,0.05265472332675778
1,1.4899575255663984,0.1640236888220096,0.12798042616510755,0.3394183023193222,0.04599288444405972,0.1659246881202704,0.17053837181132253,0.19592395897086917,0.08220179433415603
0,1.1365530469354734,0.2043667673968994,0.21868863385023532,0.14467571507670307,0.023698860360783714,0.5057732620545892,0.09193379056426311,0.18893421604922392,0.04498415589443701
0,0.9704379573530593,0.14162343589948562,0.5726801035537546,0.2738809887006555,0.09766656975700876,0.25971873957841146,0.15600231850425972,0.06949713933149523,0.14323424412816935
0,1.3026270305334289,0.11245054252224526,0.23184748532314428,0.13582870495575333,0.00446906872213136,0.49957794482083856,0.23349000261068503,0.09332803229312006,0.03330624659747162
0,2.7133096597626296,0.08712360531750557,0.4746777417156131,0.1706229876400761,0.04187189648983717,0.46118820596238486,0.18890735090364996,0.0682477228410104,0.0691618361630416
1,2.369391273446138,0.16621421173411893,0.5002111558297628,0.2693210472387991,0.0022890046381035378,0.27433404357420604,0.29709529690624015,0.06397653528909068,0.09298407235356049
0,1.7986585779259703,0.09941368968942223,0.07666180519918801,0.18623298466542842,0.0005369168810166095,0.46311086482763486,0.243504459086307,0.05877745971810365,0.04783731482150952
0,1.0314995551116577,0.10004393468312812,0.3305430989214004,0.1717990374733379,0.042099713757395255,0.4939480159514631,0.24536357535516798,0.015337375993810501,0.03145228146882536
0,2.812448819083157,0.04431397884673843,0.5650879456411032,0.020624444002111348,0.05056720714885269,0.39444436946072675,0.4122203343984056,0.11236626380473486,0.009777381185168557
0,1.4966485702473435,0.06287917337295015,0.14626208106762564,0.05678085447504669,0.005715454302575485,0.2560877332972422,0.3749198614896656,0.2550135328631071,0.05148256357236301
0,1.0453479756317656,0.1307059867075397,0.20410002872209174,0.058318845262762896,0.04325377342362355,0.5878697618089621,0.08203610637490696,0.17821628218637392,0.05030523094337066
0,2.9622629896118644,0.2693911392192919,0.06630027352632788,0.14366586729367337,0.02285923311803731,0.4881977033454204,0.2207686691381389,0.013578780389529909,0.11092974671520008
0,1.3958124675470813,0.035824291411744445,0.038552115946078165,0.06799563517778713,0.05523063826076272,0.5501181376297849,0.15073168871198955,0.14836145495270114,0.027562445266974496
0,1.9059976726894448,0.24254945233074499,0.5580533256521949,0.07502080325072108,0.03148534413959023,0.352047331562407,0.34960363643451187,0.16676694496775205,0.025075939645017885
0,1.611699163412239,0.23121326991284102,0.45769377875006784,0.05451530301506432,0.07507317392227943,0.3211845852537148,0.21757596625968273,0.17661816837950806,0.15503280316975068
0,1.212026711331742,0.20812385410642995,0.17635170270042794,0.11716959053266825,0.054631313895705864,0.5550168562406975,0.21876790007327152,0.007502394939860342,0.046911944317796585
0,1.489130050365973,0.17541670823334463,0.4622905258838856,0.1488796420854394,0.04336503702466832,0.2886658631374439,0.32646912755280466,0.11398726410417706,0.07863306609546654
0,1.288981898815928,0.2561482743935373,0.06718398477748844,0.07181377161181345,0.02609253791064305,0.5860110533822491,0.16122911399408876,0.08186665456628221,0.07298686853492355
0,1.4350619773307718,0.07313162964932053,0.12129572824713146,0.12920809831256588,0.043321454409732424,0.4835042803950657,0.24847223985211264,0.07871223868953002,0.016781688340993254
0,2.72825957635556,0.03195101941072968,0.559457826832554,0.06921171183061482,0.04447683413558212,0.4233808098010566,0.38773425076168005,0.032949440598758976,0.04224695287230749
0,2.4919757280243147,0.07964485137770018,0.15329318153596738,0.09672480097279197,0.09743716036388453,0.3070253675050614,0.17413151187072723,0.20958498488129926,0.11509617440623557
0,1.2173314286741506,0.0768126683519809,0.4104080204972088,0.18188590986546446,0.05522341486460536,0.2367987224582129,0.20712578923148572,0.22861591532175385,0.09035024825847776
0,1.197641717311039,0.2937409667774838,0.022793048106366464,0.10791057420748446,0.05853208814672687,0.36395067769294,0.33445049897042056,0.09117939739643262,0.04397676358599557
0,1.9443147359598374,0.2859164702521366,0.5171185921731306,0.09395046787156498,0.021688987450189195,0.5006847233917556,0.22353159713512266,0.1422030872791202,0.01794113687224737
0,1.4446646232723461,0.26388458628340433,0.022692256061968674,0.03242698443994151,0.05754143554034228,0.6678539856175479,0.10930600410173044,0.11023750288367509,0.022634087416762767
1,1.267180588547702,0.03948472959976871,0.12111490214254987,0.21069090310610125,0.02217640075384327,0.5986179010961359,0.04548828630195385,0.10306827432386731,0.01995823441809839
0,0.960591359374368,0.06142723899753827,0.3688131349720591,0.0824797904797193,0.03456878741897839,0.3740032461447273,0.30678402442844344,0.15473894076154768,0.047425210766583896
0,0.4683533796242865,0.08958678811667152,0.13828866241858512,0.036152385223090305,0.05453293873639145,0.2519691699877013,0.394528646893221,0.15962105265253085,0.10319580650706499
0,2.277562626069179,0.21478967618516717,0.15865256032773825,0.15852405942747236,0.05266979057598565,0.43579570951772606,0.1772577965802139,0.13327906918829951,0.04247357471030243
0,1.9239099052019952,0.20658769685661182,0.0036203010485933215,0.020735634770231742,0.0400504091426985,0.6371325508637652,0.1995545444357446,0.05354538124380625,0.04898147954375368
0,1.7975904653268189,0.14171678351530048,0.2674733812515159,0.07680133740100317,0.03698302663580028,0.4833877005026514,0.2744339070732001,0.08082270489107818,0.0475713234962667
0,0.6561452011070782,0.05137010449695819,0.263626476764684,0.12992563909379223,0.019133960016000377,0.6566683597931463,0.10447742789796531,0.08125224347555403,0.008542369723541693
0,0.8168065514499073,0.20122145198691924,0.0794043089363593,0.07492186405897516,0.06430304064621604,0.6830957343192353,0.10516887658105989,0.05684086907765476,0.01566961531685871
0,2.8060372965642513,0.07577115972102752,0.1371280012073375,0.09929481908743472,0.05091813502531515,0.5679312321219057,0.1102665437230501,0.14708699532350206,0.02450227471879257
0,1.6857079636816361,0.025269202754616436,0.4765201210839197,0.03060786112583983,0.028239005321168433,0.5033627578301746,0.3005224900627283,0.11031863699491494,0.026949248665173915
1,2.222562176974148,0.05381880081119571,0.18486704320493735,0.04290502798848533,0.009454831484764182,0.6746836034540712,0.08236719057929337,0.12398018819294296,0.06660915830044298
0,1.0670056820408242,0.21528323770566668,0.04276152110696054,0.17423581411148198,0.015803764945396714,0.20103890271870606,0.4236527539692364,0.15564324043322045,0.029625523821958426
0,0.4,0.23837952687227051,0.5013155490096456,0.04014934099793722,0.02835054485811898,0.2501110365112787,0.4227414464076311,0.17732371696430466,0.08132391426072921
0,3.0375590777452173,0.13926808439289876,0.5903959807425914,0.17716917185643885,0.06255990167667302,0.48106959079052714,0.20507245104667615,0.03734819193251503,0.036780692697169604
0,0.9666218943707587,0.016070620518477494,0.3700933220094691,0.2506857728596786,0.0014117314629649644,0.4065298761695825,0.13141066264828893,0.1250283035855106,0.08493365327397427
0,1.4743604439496405,0.06100236527321673,0.40157849275056773,0.13068933360872334,0.0856359286867703,0.1693552249852221,0.3819741687540549,0.17209124656270214,0.060254097402527296
0,1.2533446694167765,0.17300045637950975,0.3838547295618262,0.025772281553172467,0.02409109460098961,0.1020249294886996,0.6185645572220888,0.13062546297344693,0.09892167416160251
0,1.0862214357808804,0.03679480307395117,0.18718558536833313,0.19614664318505765,0.04412206285972519,0.3592637181372703,0.1609130458664517,0.1523030984353955,0.08725143151609968
0,0.8546120191426341,0.23672011286070888,0.2676078882695449,0.12292249714447412,0.04503137777636566,0.41657757411270524,0.30148110826297797,0.09546034845365448,0.0185270942498227
0,1.4706465028161468,0.23075929979111034,0.20213043781438633,0.059647534825443924,0.0026498297909071113,0.5491887656145266,0.2042551223579613,0.08662182460511811,0.09763692280604301
0,1.5019339030681356,0.06196777805708657,0.5745476851394777,0.16376629073444376,0.010145370070623843,0.6124525486375443,0.1428168721418494,0.006890712136990014,0.06392820627854864
0,1.4286123388514675,0.1571693459867285,0.44122627560942257,0.07354519516940193,0.046083314168298396,0.5162113401594127,0.23404423359447796,0.08680483077572533,0.043311086132683585
0,2.0541281780900627,0.10507214111771677,0.45369941521474977,0.028971654370098066,0.0377778812577105,0.5840112425478228,0.2602448354635982,0.04798219625002664,0.04101219011074397
0,1.0635076349309065,0.15773409549550407,0.4212539913317415,0.18050910932072728,0.055279735486650654,0.12174859001110622,0.49524606871348137,0.05015961903740391,0.09705687743063067
1,2.2228598925117176,0.06162707677239812,0.3507230478449129,0.06501247303216123,0.06085625724080866,0.35344837028838993,0.3210636125951526,0.13605627121833647,0.06356301562515111
0,0.6660626716618816,0.1476191603089469,0.24766317342371524,0.20139481979826052,0.06859528706527847,0.22688441008443874,0.3532523568620006,0.0974018523448796,0.05247127384514201
0,1.9377964076899925,0.03189258478057772,0.04355981253651226,0.11854317614881259,0.06697482809441871,0.5847121408453096,0.1004318128966256,0.11413462581954206,0.015203416195291364
0,1.3873816156252874,0.15811067031750717,0.14584958886056962,0.08179784514203996,0.02630222929560539,0.5180641942632942,0.29763983211250106,0.01887917459920628,0.05731672458735317
0,1.3059985657993087,0.14878279750734216,0.5968443423809274,0.13181853079526853,0.05724245542977297,0.5528672284574923,0.21624594699177666,0.02315877410554545,0.018667064220144143
0,1.4292831346348671,0.29446463912266246,0.4855941921539644,0.13350479570186075,0.11154437121746459,0.3466463105296997,0.31614016577292786,0.02265431995279586,0.06951003682525146
0,1.454742902964253,0.07742955256310763,0.0905799756274417,0.0524045222739999,0.057274507958008765,0.4861526110386521,0.23500523793975708,0.1402930360526253,0.028870084736956722
0,0.9402519425502212,0.2898837502049373,0.3004742103337018,0.09523161923262403,0.017691568308515312,0.652527465331041,0.07313541470041003,0.14244369285101713,0.018970239576392475
0,1.1650129758821084,0.18507351527221008,0.05787507519520978,0.1800237394681872,0.009939123828712124,0.37062607610941,0.15032567098251365,0.18815662726758609,0.10092876234359102
0,0.44213874570354766,0.012323839651455159,0.42720466643145777,0.07135804195759225,0.01317431527694594,0.5769165899415634,0.06818627153852821,0.15674995644257245,0.11361482484279778
0,0.6231365809722869,0.12790271987463805,0.1967328838414948,0.16216011609201375,0.032609480308856305,0.47188511983849074,0.23109739789239675,0.08653956472411313,0.015708321144129234
0,0.865064059688947,0.16993457703276357,0.38709040026249986,0.038082139109875755,0.04915291693453687,0.5055078711345167,0.2677845956778182,0.12424938693560349,0.015223090207649165
0,1.1867567561696788,0.13404109369462253,0.576692764341596,0.22437344845924564,0.04662327410175331,0.12418548056476728,0.542452611017675,0.024418155941499896,0.037947029915058876
0,1.9145704447723757,0.09853967751233843,0.5353223445703299,0.078784117961722,0.053267496703339905,0.4745196826104859,0.3184617463861861,0.008630097370176523,0.06633685896808952
0,0.6032949845005543,0.27627557833071115,0.12347806006865056,0.06241789238838789,0.009277177041302775,0.46809453054462496,0.24733751020155154,0.1440963394284255,0.06877655039570738
0,1.0701070138098774,0.09101434418320356,0.37063199695399934,0.047874827340142874,0.03485254940744886,0.5919534709946115,0.18451712430584957,0.12209380604766831,0.018708221904278868
1,2.2110650260199574,0.24358864390909463,0.5127838038672741,0.04890235303137587,0.050855064194237604,0.6084288622684931,0.048265483785846025,0.22767860606009876,0.015869630659948487
0,1.4164245499475963,0.07325888725653662,0.11570665284187065,0.0593731764619019,0.038635138362605834,0.5840237114879069,0.13860589999032297,0.14333946586640045,0.036022607830861975
0,1.3258596367871047,0.16142633892580868,0.31041454076467895,0.07085624284293493,0.04602498657155512,0.46802674230346725,0.23736696746966351,0.1052422688806613,0.07248279193171807
0,2.917555320416363,0.2741608293226509,0.3920295773415978,0.15041234799542685,0.008745124676941206,0.45345746436657214,0.31556551424095414,0.041552119572468404,0.030267429147637394
1,2.2519538286792025,0.25014244996763263,0.5720177123510773,0.27513452820591827,0.006770346395559729,0.4711062884531603,0.08612624077342743,0.07676993545818236,0.08409266071375192
0,2.0428045797219294,0.03463907202216154,0.1456337816582112,0.16610199730111633,0.025040867895742544,0.44748137051321013,0.2613848418975548,0.06423805200426853,0.03575287038810769
0,1.7612979030019678,0.007545252990345274,0.3861384229296242,0.16736741344575198,0.05019141529269535,0.3781634494536785,0.206810574235229,0.1634731773918542,0.033993970180791006
0,1.848322393240882,0.12362964822466664,0.015388296440891524,0.03444707914620764,0.01654988761838213,0.27286650032748644,0.4499766508302578,0.1710578849671588,0.055101997110507235
0,1.9359220799774124,0.1793694442776497,0.37904057676827174,0.08980803188583883,0.03720249024981299,0.5100467339296583,0.12400698209661182,0.16168492300565385,0.0772508388324242
0,1.536305185818247,0.09576986731767236,0.33482932817913363,0.1191470645666761,0.06229388965596735,0.34790023588752517,0.2697677836921722,0.1403769601447541,0.06051406605290503
0,1.1997404367818958,0.24918425364235847,0.2634141403686176,0.19319866285577145,0.03166486352117432,0.23608684207606143,0.37895853764037085,0.15139751352694614,0.008693580379675726
0,0.5531015967108962,0.2684186238843597,0.4745388168785757,0.08486490105671224,0.05101766446150593,0.5767160379881462,0.15375318020318232,0.09470395048354241,0.03894426580691097
0,1.9132719372724467,0.036514609965221635,0.22248017353997787,0.11153702269236807,0.0048004904936296625,0.5886055983688346,0.1595515228787806,0.07831190167990375,0.05719346388648325
0,1.902332610318568,0.13290283292728328,0.38133578044445954,0.09130306296820467,0.01459543984039393,0.43988679231414024,0.3370310439179973,0.05279362579984603,0.06439003515941767
0,1.3909758014449376,0.11632759050187198,0.5300331682441932,0.02902878965907407,0.013033034307380884,0.4448756210638335,0.39035307558386223,0.11553060644101111,0.007178872944838246
0,2.993476895374313,0.025799046686397396,0.35570974845611675,0.1968405429756483,0.060860956220486886,0.3828447197907924,0.1961124407255459,0.12582557924785087,0.03751576103967568
0,1.7834217173540856,0.18704842317347425,0.10417858036607164,0.08466834408665475,0.05461667242785114,0.5799683128886555,0.133164860585914,0.09916628124853798,0.04841552876238653
1,1.701109422285385,0.0003321661424518729,0.5761551040237255,0.24790922357283743,0.07223465519857077,0.11856719253893927,0.3148583360466868,0.2228589960339441,0.023571596609021573
0,1.1085520530586868,0.16086487497483204,0.028518291769017056,0.06981908118136299,0.02431330271324167,0.4057919784785578,0.21596008586357646,0.20153869741304545,0.08257685435021551
0,1.5149629044198283,0.09582154926646921,0.4254232351575391,0.16876179020624493,0.022786513339997892,0.5994726454002648,0.15655964086170673,0.026761641188326826,0.02565776900345889
0,1.8449699532960553,0.11665564762036827,0.24266955623321446,0.062263090771506824,0.043191054042727405,0.6698764239702114,0.18573221070285378,0.012558126090312892,0.026379094422387762
0,1.0970786083173452,0.04839906054234786,0.2936227202035865,0.12070987765522198,0.03530487229899779,0.586137836992236,0.0963297595090564,0.1268410461822526,0.03467660736223521
0,0.5431572751060804,0.20621294171359741,0.4618184806524649,0.12882096742409635,0.032507894637579096,0.5270400727700991,0.07557070407458652,0.20410325212946648,0.031957108964172365
0,1.4742648252029875,0.13775417430459155,0.09106778101349208,0.16392979338501332,0.04562175717719052,0.28166987263545357,0.4282964298876022,0.03804382061467859,0.04243832630006189
0,1.4585342005771382,0.19373954232318483,0.30129960039964515,0.10863009343809002,0.032422186364707284,0.42290630012407404,0.29696292006052116,0.09118777557709588,0.0478907244355117
0,1.8199864761834115,0.0494601190574272,0.38061037076020504,0.03353381917768868,0.03833121687951,0.6067451857866037,0.1839018849022927,0.08747545455858724,0.05001243869531757
0,0.9059272022216733,0.11167988802722717,0.10713040817652504,0.09404369861526357,0.06325166804825143,0.3052004554823968,0.3485114831249892,0.1516916147662201,0.03730107996287877
0,1.4155151758865316,0.19399759093727786,0.27160295272948304,0.11979371995526188,0.00883435318678607,0.404352000099406,0.34378185780225,0.06849530398433336,0.05474276497196263
0,1.4900687970990918,0.013203980528434744,0.056142880303442166,0.10262535530033262,0.028836534222146316,0.469838534848872,0.2271435768936537,0.14699556315116066,0.024560435583834573
1,1.0075386866896467,0.0845076994156785,0.16776496386655262,0.21217984300103362,0.03544170724548578,0.6544901933312344,0.028934895184766895,0.04148945159637408,0.027463909641105188
0,0.5042816514266846,0.1450316241147454,0.50428816496604,0.09588123322438116,0.0645513283971723,0.24934922567149223,0.377625837161206,0.14969556912156315,0.06289680642418514
1,2.233905719061443,0.20750426603067354,0.21335324402101563,0.024693616794131658,0.05560607055290397,0.2061956688818245,0.4902290280085963,0.20497384331535587,0.01830177244718764
1,1.5596739718005495,0.0037756199808961386,0.5106304027339764,0.2453786854389135,0.01246030899876636,0.3348940526059073,0.30564917895174487,0.09052600364326817,0.01109177036139962
0,1.3350261485668504,0.17496975049450414,0.5619042436604351,0.22328475868109304,0.05392803691336892,0.41378154978909726,0.17038523734100355,0.09154453010618348,0.04707588716925378
0,0.546579658355988,0.034254691253370724,0.5133501228724271,0.1079449002596481,0.073867853171037,0.640216725331788,0.06709193555886594,0.02569613551044114,0.08518245016822008
0,1.7999366013794278,0.12394438415147266,0.052422855923707476,0.21874633912185545,0.03154900296103541,0.27038797745497606,0.4466130659482341,0.023242921668086964,0.009460692845812102
1,2.4985695590866457,0.16048885758880135,0.433018597783825,0.04172912920940819,0.024933471336427402,0.486026347486946,0.2649355441599101,0.115222939864389,0.0671525679429192
0,1.3877711715632919,0.21269545272169618,0.22723441188028265,0.251354899309244,0.015345133181458382,0.437383000406351,0.1489546850551157,0.07284285370262801,0.0741194283452029
1,2.1082732112333997,0.19873993098272572,0.48261795706061106,0.2104976991477701,0.03138185756629052,0.08035889032051549,0.5486583885419728,0.10855038850136853,0.02055277592208255
0,1.8631910645163106,0.22372600799833148,0.3445366355392406,0.27192869250084273,0.038866613703978536,0.27783919142671215,0.15833355841886051,0.17384851106032856,0.07918343288927737
0,0.8143655270144561,0.16742645576315063,0.5985135517411085,0.14599607083466515,0.0413399030494601,0.7078974445399073,0.026454844541023943,0.06543936726523508,0.012872369769708649
0,1.1721480028039966,0.21707719989326732,0.3719420923940307,0.014084512364406682,0.0031004752730351857,0.42820748335853304,0.3136099665709337,0.1649944216491139,0.07600314078397742
0,1.1444161248050635,0.11827673891795322,0.23509615947283347,0.0712593591518106,0.004651351122154,0.47823766178367444,0.2332471928013803,0.15856218163140326,0.05404225350957738
0,0.5712598079477166,0.024028301858050858,0.2871395353470272,0.162145634226406,0.043785728935002655,0.44588893725993595,0.25707069354706374,0.04810854579714711,0.0430004602344445
0,0.7932710163750119,0.13953344428181738,0.44977236884877503,0.10800573016587657,0.03597885857567178,0.2620591545022939,0.411158269814324,0.11405958843870573,0.06873839850312813
1,2.0759245147994276,0.08665471482419444,0.12329412966213872,0.19601089259666463,0.0931630863777399,0.41390501501696964,0.0325019206869812,0.20031868273921333,0.06410040258243137
0,0.5312197569465635,0.08044504833794477,0.5120457710521996,0.24280727671259336,0.008774475372417235,0.20939227151847004,0.2527251862396552,0.2013757954809441,0.08492499467592016
1,0.4,0.14558600648883216,0.15105583704496578,0.07295724006608342,0.035379158076444046,0.19904877199917215,0.5477874872224655,0.05845296707047976,0.08637437556535507
0,1.4792971861069972,0.2097403277765499,0.1734307857901838,0.1326082851649709,0.029377245510988494,0.4508440455541955,0.2612954898004183,0.08735734161619468,0.038517592353232204
1,1.2307643410823759,0.1937703250778597,0.0810371889429506,0.2551873312499727,0.06686987721986484,0.37592247824436004,0.08828379225903604,0.16158727965388592,0.052149241372880434
0,1.0502113735115457,0.07521670131853066,0.43528494323040806,0.04358756854300107,0.045781687499946086,0.6006855913700304,0.27571726518846856,0.013599807067723792,0.020628080330830235
0,1.0010151252653126,0.003312765446913568,0.28837749726646095,0.20365195459193694,0.062349661108009435,0.06071967882724326,0.4424339779968039,0.1824988074982625,0.048345919977743915
0,1.3549051190381722,0.10467043880240208,0.5847845503600891,0.22134689667208785,0.002153434080962343,0.32472816301264884,0.19389623172372128,0.18266215275721756,0.0752131217533622
0,1.3644287029909903,0.02078485545363726,0.11353239518804426,0.11408180164475915,0.05300764332302814,0.4417567141140276,0.21700917784550913,0.1305926398174574,0.0435520232552186
0,1.0979378669298185,0.25525747535814847,0.1501317306782626,0.06947913993534817,0.06206708833190802,0.6362038246544122,0.09910133717623315,0.06767476055836762,0.0654738493437309
0,0.7469813163778197,0.15951054419855493,0.23074324972290433,0.13089677380991585,0.07219727823321077,0.47829932945995457,0.17383205160084056,0.08033447108215437,0.06444009581392393
1,3.2105762510110436,0.14441393039565267,0.22070360765706049,0.26978007749531774,0.03403519636124058,0.36351462228295384,0.2526952138374358,0.03314849245217236,0.046826397570879696
0,1.4435560519752495,0.05333039676767913,0.5756189956825046,0.10461782855026805,0.0518193992712725,0.28693384262715466,0.3919811262238503,0.12479344441659444,0.039854358910859936
0,1.0278297341314147,0.2384240178945664,0.43163708882354074,0.040375827674516834,0.03887998830572229,0.5876582611567209,0.20026446377230792,0.07401977186260943,0.0588016872281227
0,0.7567285174706303,0.1770234508143422,0.49176289957549973,0.021663120467581332,0.0017892796611593729,0.49661646860896125,0.3052752163084628,0.12098243853606479,0.05367347641777061
1,0.9631596579055249,0.03663389456378593,0.04614914244139685,0.2116047987072938,0.0021677567576825134,0.39088008783996747,0.3088936303768161,0.014394951816431537,0.07205877450180852
0,0.8267694270587194,0.016480341711048306,0.12652639116813516,0.14908648276158068,0.04492462743865182,0.38810351252840203,0.24914972344357145,0.12327372479398381,0.0454619290338104
0,1.072268914654535,0.2703843147145352,0.50689944959928,0.15084874937514892,0.01412386540740758,0.3629145760107043,0.3459685094007499,0.05939463809954979,0.0667496617064395
0,1.115518956250369,0.0636056806603126,0.5992192915713642,0.3138532662767949,0.08273010410963666,0.09262794013541092,0.22154153764444318,0.25225679084604935,0.036990360987665075
0,1.1138678914132045,0.12328688966016026,0.2975631626575392,0.14386875042869596,0.032095581812588564,0.5305146517663377,0.16903638980635732,0.087989177347197,0.03649544883882327
0,2.130778026948862,0.29311232358923367,0.4896601664865338,0.05867988689667185,0.013913262484415712,0.31086401199021857,0.4118337363961375,0.1325519199142815,0.07215718231827484
1,0.8337339384238796,0.25819617189293026,0.08870021622898967,0.1571939997369231,0.04993072623799268,0.5342374882278921,0.033164697999605405,0.15641891871608754,0.06905416908149918
0,1.213826139610425,0.03702646968835673,0.2001397268713823,0.22815108229952574,0.041573291222286805,0.33470416493514166,0.10830264063509239,0.25073003718670617,0.03653878372124731
0,1.5105990564898244,0.1936184550177349,0.10516800027609574,0.1166244697896316,0.001968779188203845,0.5667013056342942,0.27085603435499384,0.022712636371402462,0.021136774661473963
0,1.5253014867075168,0.08201934413872174,0.03689528213673687,0.04851628622089547,0.024892429744375402,0.37245654299000674,0.4328828949221105,0.07890307708889413,0.04234876903371782
0,1.2106176965149593,0.14593876540811143,0.07803040597156809,0.19688457376227303,0.006474582875182924,0.5075222223981258,0.15700574600694364,0.0926531011518285,0.03945977380564625
0,1.8432582225808525,0.27542643829802677,0.1412851890437318,0.13911247909458396,0.03767976038043566,0.3731225108543861,0.3431821436870688,0.07775942302983871,0.02914368295368685
0,1.3412781969728564,0.1703367426065098,0.30384327189956656,0.125537490336614,0.05984242477440009,0.15175251665000583,0.4707707078465899,0.0971861021600843,0.09491075823230581
1,1.3783641431933344,0.1331546797397282,0.05609180192511507,0.11737722683400542,0.0065493241692912,0.5988073478243888,0.05196709044107672,0.19437229079327237,0.030926719937965485
0,2.7260691723500563,0.17004491197667065,0.46107738588454344,0.05121650971802016,0.00209980236321247,0.507133275284432,0.36411075724915526,0.06868529377094942,0.0067543616142307335
1,1.9922103805204832,0.22159222167627105,0.21126941989264542,0.07267573004045284,0.004808428035271212,0.19125105774797163,0.5247027661805863,0.14568636798394644,0.06087565001177163
1,2.4333596314824177,0.1697722940122048,0.1033849210952968,0.05913311666608513,0.06158601474524021,0.6635543376152429,0.044180580780653976,0.15225724381817224,0.019288706374605474
0,1.9995737179855246,0.23214215723522305,0.5567180573088141,0.11021268757170562,0.0056169826479296175,0.5714162455651337,0.07728148787247954,0.14313850478800977,0.0923340915547418
0,0.9881529622335871,0.09712636822705398,0.42746639430638045,0.20900036159037405,0.02994436467182185,0.23936127863351653,0.3824411968557912,0.09689135899199883,0.04236143925649758
0,2.0075746538452988,0.27772454797801494,0.4051218459548673,0.0292966688565753,0.00513580127966553,0.49988410871886196,0.37502239370584856,0.06593748931180532,0.024723538127243486
0,0.9286547295529649,0.27757905553799866,0.3288535165963352,0.21224210762722695,0.04259673096830134,0.5328800156562458,0.14574979472612928,0.01946643794468032,0.04706491307741633
0,1.1858184981673858,0.13670334272022175,0.10650200964569591,0.13912534701525112,0.013866030050443878,0.1337538506145706,0.4975271148769267,0.16707274439418474,0.04865491304862306
0,1.8490763594749842,0.11782013360301596,0.4307967548520753,0.26345826790842647,0.03628299352161309,0.3127400716250249,0.0712774803912753,0.2573631242987382,0.05887806225492223
0,0.5344961702617013,0.1569592146636173,0.45195400788901297,0.03533419625163882,0.07646330952408091,0.6491745928342959,0.08852771524292495,0.05905177211336058,0.09144841403369881
0,0.8542412358746836,0.01472785435672339,0.04569627141403904,0.16532918074575562,0.00938177883391989,0.5397180337140978,0.18293102975142478,0.03163938210736297,0.07100059484743897
0,0.5547590181519377,0.2109030118827663,0.5188353797238919,0.18290079926227928,0.017740905804001013,0.46960948758833976,0.15065819762762123,0.13147627210394375,0.04761433761381502
0,1.7681862225091844,0.2584364595628174,0.5122841308661031,0.2100086623492612,0.0003211014044508111,0.3610835860209552,0.27280416176925415,0.14496225782445143,0.010820230631627242
0,1.0707894660359676,0.0392384960448353,0.34512033781617746,0.11179810345247183,0.04963595581150768,0.3890866236490951,0.33486756965381403,0.06658876041521963,0.04802298701789154
0,0.5937398486559251,0.0653059633116216,0.15622118945412136,0.06528878891400257,0.07063070951513564,0.2951231931155278,0.47009604979394143,0.0353995311726863,0.06346172748870622
0,0.7688126576845544,0.14666737260996876,0.428730449530564,0.06375065698573774,0.08144503206627109,0.5690482962284238,0.07964127830298119,0.17292024340272363,0.033194493013862576
0,1.7257882176634212,0.1489858074808578,0.3850406860600221,0.12597650061605614,0.025628260857862382,0.7010935428627282,0.11354212054143399,0.020042098766878732,0.0137174763550407
0,2.9306131956953783,0.22936691952933885,0.06594904220862992,0.16767543735136536,0.03602074953484599,0.10531876975102732,0.3754515923233529,0.2407611411290919,0.07477230991031647
1,0.9016152241205839,0.1695985156991592,0.09956062358502724,0.11260398534607309,0.10432869534443595,0.2846097935445636,0.23606139416874145,0.2503565850436915,0.012039546552494411
1,2.1841573872582987,0.19252766608760022,0.3616763187841265,0.16067486896544506,0.02268310975474946,0.4853253885202996,0.03920874137483956,0.2447758567138205,0.04733203467084564
0,0.8437049782098642,0.10283883151844615,0.21989014234770465,0.05845181819118764,0.06753674164716039,0.16685602197874533,0.5066399490069107,0.13026505705594027,0.07025041212005576
0,1.4518645078938843,0.2298218354458545,0.1137467481832733,0.1073171437493074,0.035757920206356895,0.4423213593851174,0.1874156885485656,0.163373093465686,0.0638147946449666
0,0.7402406031370523,0.08572533825261942,0.20462947921457067,0.0882848120220981,0.00529614438830483,0.5751532814414168,0.26684836121713496,0.05722970901567157,0.0071876919153738466
0,0.8099092750633637,0.2533667207564395,0.1354802358512264,0.17336314739986317,0.040600375797532014,0.522923993797672,0.08102971338377463,0.138916107775083,0.04316666184607528
0,1.3319250325372103,0.12087133960540718,0.17262612632921862,0.11143452131209307,0.019904482962246946,0.43965030885986095,0.31349619510550947,0.0680124023135414,0.04750208944674832
0,1.4612113158407083,0.2206865196259735,0.29777877629116484,0.16007260180198987,0.009645834708049746,0.5628651110583122,0.10158457739847603,0.10815407661106473,0.057677798422107567
0,1.1575726373654722,0.08549855696817754,0.37720341202579033,0.16303866993202146,0.011368132629334577,0.6610033959508778,0.047283415012040475,0.055647036385423274,0.061659350090302316
0,1.5120967377455934,0.0348197307630855,0.15411578769552106,0.1754035457578402,0.0009243668491553205,0.45814093841890347,0.3385343561540256,0.016621837438941637,0.010374955381133725
0,0.9674325109411877,0.05795870358316499,0.2307256697588559,0.13379205351211187,0.010874076446257857,0.5554706408777133,0.20952345993220464,0.03654920360511174,0.053790565626600596
0,1.5809477323522811,0.0898616030379191,0.419348828360063,0.14459510668887718,0.048390765541693,0.43445582963012874,0.22310995556660684,0.09405656658500197,0.055391775987692224
0,2.2133694482417963,0.003564777953145337,0.2083274822089206,0.14030612656472577,0.023952957775210705,0.5369930719204918,0.18453772812462219,0.1080666379389844,0.006143477675964962
0,1.2653091992018086,0.19151749329191897,0.46902960911924185,0.30000484150159135,0.01358947870385144,0.33641003770526956,0.13251474574235997,0.13773404678157022,0.07974684956535752
0,0.6099118684557219,0.2063875742326093,0.528284631817777,0.2559586897813595,0.02692587220937358,0.11416524673392602,0.45646719283367926,0.08381913610978249,0.06266386233187919
1,1.265347491992021,0.19479641736597947,0.1717887831368654,0.12037499399779775,0.07739125047952304,0.14669377797755545,0.5923995410923235,0.034022071342836725,0.029118365109963566
0,0.7146983799223712,0.19741886224692803,0.2757641037769377,0.08564108199878565,0.049238091600094125,0.5094566539242588,0.24972944980004333,0.08303992598247617,0.022894796694341878
1,1.0155183157391634,0.0017155576096212542,0.13801918562866794,0.03241038961591981,0.030808065240829356,0.5446297339042889,0.24971488257771887,0.10352136833023719,0.03891556033100583
0,2.0956895221677527,0.0466740413718447,0.25310541967980177,0.11370652371401135,0.04719049736256536,0.40666637827076,0.3467022205181829,0.026301424327935613,0.05943295580654475
0,0.44250026385201546,0.17235950269305642,0.4463481473995021,0.15066192854028534,0.009319278740221735,0.5066876086031239,0.2633202358649911,0.014894868088601809,0.055116080162776165
0,2.0004665314264596,0.19455225441605456,0.40779441386435605,0.23162625272835938,0.02656907710413483,0.43821996756228715,0.15472071085157119,0.07399486436853221,0.07486912738511525
0,0.8684170757277522,0.0835702350409289,0.0025409092807865187,0.13548574844816966,0.04154407914369967,0.5179382917641062,0.1452700184164922,0.14447563827237705,0.015286223955155227
0,0.9250095992287033,0.1487575613710025,0.5826662288912474,0.08426845945673465,0.0958545458874681,0.13204627705061722,0.2647332026241861,0.2825771359560547,0.14052037902493913
0,1.1312461548513901,0.07086193588422014,0.17639085518138486,0.2338032485304912,0.0393779625727951,0.11486823900214585,0.42024023649661413,0.14975998054894535,0.041950332849008475
1,1.1285139441254506,0.16847804332051625,0.023310462512589725,0.07372765672251269,0.057455570157869944,0.48628920532246467,0.29582738704206496,0.0411782895910033,0.04552189116408436
1,1.0125315653017903,0.27147779880135153,0.05174235323777001,0.23900683161740646,0.0436697200362145,0.2881162101071477,0.3292646634206276,0.026198239041681882,0.07374433577692166
0,2.3903399974634527,0.20663625335913616,0.10872319228943221,0.06707952464057951,0.010048412360002323,0.44089496681504936,0.3330338044108634,0.1362112688837124,0.012732022889792966
0,0.98495299056556,0.04943210347921403,0.5607100196962252,0.02280317647216716,0.08884836170511408,0.5815246521901605,0.1949438673472066,0.05282438815617712,0.05905555412917459
0,1.2332070769952548,0.1691842550724819,0.2830633437802515,0.0830020137534974,0.0055937428889380175,0.6132329345445392,0.13062985817090947,0.12916998877684474,0.038371461865271114
0,0.6660310083669725,0.15602326007480047,0.4289788726586015,0.25060231458367305,0.07664761241358241,0.2559699507105857,0.313061712232729,0.066309530225869,0.03740887983356078
0,1.736529727364219,0.08332804352353268,0.4520203717706677,0.08271524639809574,0.029774367674788776,0.44956868341157724,0.25733739248914766,0.14978568547417495,0.030818624552215575
0,1.7775135500321526,0.12624324146504082,0.44971058254965984,0.1647057753209581,0.08710746492020253,0.20298274388386559,0.4309614113828064,0.05033240967909285,0.06391019481307453
0,1.223980568939175,0.18119883680358898,0.36547963192199234,0.23285559690159152,0.06089488830539576,0.37311585749604737,0.14312570674336708,0.13192508079326706,0.05808286976033109
0,1.9488992485452759,0.26713795347797287,0.16858980656019823,0.1044010038631084,0.03356747883028413,0.49886630980501284,0.2973822136631099,0.017114348418696662,0.048668645419788104
1,2.9690352894249594,0.12811239668737026,0.06077244287575485,0.07827497057922243,0.04323044173965085,0.43502276592736827,0.26917014323276856,0.14902413800764966,0.025277540513340382
0,1.6297138644525617,0.15407468546472008,0.12471149420583039,0.16253685704653414,0.026361519640710186,0.3320615385582044,0.334547405900222,0.11759385704083138,0.02689882181349782
0,1.4295969321422655,0.04092620690172891,0.2858653296712136,0.02570966789265078,0.03285768814327493,0.5232605794467818,0.34306178506415164,0.022226082616236386,0.05288419683690435
0,1.9660211696719765,0.08829099437965385,0.14476875093213776,0.17888556804645267,0.00978698748192515,0.4726913236204254,0.21620632248676502,0.07943368822295936,0.04299611014147233
0,0.8951040115483249,0.038770178254232464,0.1442313497245942,0.16201578832752006,0.054035100406974304,0.5311763891073372,0.17216255286623672,0.030712553526764833,0.04989761576516674
0,1.5557127877071275,0.1160361742718759,0.316419082289291,0.0993561544990933,0.03572908084715756,0.6187983250034093,0.1880934383113445,0.03283477883327391,0.025188222505721534
0,0.9671341607272782,0.24882781595217335,0.4897115357931126,0.13897400242220667,0.015634301750590836,0.30844399294104796,0.24962324328097651,0.1736829066046823,0.11364155300049565
0,0.9263140165711226,0.26166436256381953,0.5639672938045253,0.06133716102137593,0.042747634897943095,0.5986427035651856,0.15206979795022474,0.097072448392224,0.04813025417304669
1,2.150597323533766,0.17696356049466672,0.28200749430038996,0.2894609021926778,0.09780493455651473,0.3288579255398539,0.05419863819292379,0.0894078662343975,0.14026973328363232
0,0.9607417374980991,0.11223873038644078,0.09959744117798268,0.08605071884144992,0.07226927038004625,0.2476295682387111,0.44606524400427633,0.07262698366715228,0.07535821486836426
0,2.321029578480505,0.22864907199827736,0.5255251943356553,0.016084168535071202,0.042800497618323934,0.3428556978570874,0.45594975576080143,0.09136994272358552,0.050939937505130595
0,1.1432582888609537,0.20748215235662965,0.34061959263179875,0.081425401933535,0.026143715139963046,0.3949866709042642,0.3384387796684529,0.11740080806623376,0.041604624287551205
0,1.371049635051685,0.12544125252466407,0.5671922874070905,0.10960524952956531,0.0098875289636585,0.2449156663950678,0.4017097976732554,0.15530457238281506,0.07857718505563796
0,2.054939473623469,0.11648449431891608,0.03165231119188718,0.14671352719232075,0.04116072483369085,0.383915116052192,0.33326394808875287,0.05480682386847341,0.04013985996457018
0,1.314872034003907,0.13421174355458831,0.06500899102702959,0.03738388285737665,0.08096328296661942,0.48828182303211004,0.1905449790633924,0.18598690844414953,0.016839123636351993
0,0.5013453829983785,0.15007651457532079,0.44979546147206234,0.020467056746339342,0.048023680229528784,0.5815990743961617,0.22821879487449212,0.07765641494169387,0.044034978811784295
0,0.7956630972360572,0.10409743099612742,0.13475384605793708,0.10146401148554073,0.028322837737165533,0.4741504689328409,0.23999582166009664,0.12964976255144744,0.026417097632908716
0,1.5718692701988428,0.07955798728439611,0.5507731661950889,0.021469129377051963,0.03768538016036178,0.5906916657935244,0.2605909262332799,0.07629113594031287,0.013271762495468986
0,1.3869091814701289,0.2489213084942937,0.2684069674729003,0.10609076604542995,0.005768481851965422,0.7821457712119364,0.023896181637611102,0.06505697630178899,0.01704182295126815
0,1.3644200462093492,0.07047973575199665,0.010832986519000309,0.07999348954759826,0.03165916104543223,0.4194080639264758,0.30099437819836655,0.12169664459224688,0.04624826268988044
0,1.163174120268478,0.12219778364064318,0.17165262533236492,0.1526829445872362,0.010171670453011056,0.6224325725921918,0.17494862921374674,0.007510919319075436,0.032253263834738824
0,1.2288446693659814,0.2281181674324265,0.31076946599917027,0.18293252611794772,0.08482263365981219,0.12519097925099817,0.2001239581586787,0.3484964797481277,0.0584334230644355
0,1.095607386432262,0.1901566070295067,0.511938014555202,0.15426105188508155,0.02458895268764936,0.36865252430756845,0.3075052754713699,0.10734739894918188,0.037644796699148934
0,1.05611581367658,0.26853684432045277,0.14899790341381283,0.15354766078450213,0.06639751352477095,0.2122102859281133,0.36547619378028123,0.14966358288913825,0.0527047630931941
0,2.6389195682089377,0.13690607630651902,0.3063579944431687,0.10691498843177509,0.047644507657884826,0.5222517228798813,0.2133789525395791,0.051864438182534764,0.057945390308344995
0,1.3124567129149285,0.23555991761417416,0.13411733560753628,0.21811544635229715,0.06863026552705521,0.39432192399782234,0.20832631678641503,0.0478696758337753,0.06273637150263492
0,0.4569235639544781,0.13050567310025285,0.4454928277806488,0.24738821647636988,0.014618390484378272,0.253168848649744,0.17716243516485866,0.23729266749136435,0.0703694417332848
0,1.088974605968727,0.058317972644070834,0.49418714996942514,0.184040725278195,0.05372224328529974,0.2826676343077773,0.30804708759885985,0.12384362385462322,0.047678685675244616
0,1.6525295921935776,0.14860930339098427,0.5967482125842122,0.016936077343554564,0.054255221941289566,0.6285703535428058,0.26133563036325186,0.016172986113874025,0.02272973069522424
0,1.2478823563916934,0.11232756867860723,0.5695736367655084,0.1903454322307186,0.014719636829462389,0.33156657755755337,0.40839403794117435,0.0285500070586281,0.026424308382463426
0,1.47838426676764,0.2017817219725558,0.5243374598645101,0.09504463120512145,0.027311249712332158,0.557971022235292,0.16192054595737293,0.10388818209522371,0.05386436879465764
0,1.3309153960017497,0.17725431745395023,0.2617606991672316,0.26905730900332125,0.003415086258337409,0.5026367256682147,0.13716343391248703,0.06997452025917746,0.01775292489846223
0,1.1984991661419702,0.241037248117153,0.23417458407411462,0.13360919610665503,0.05768387295218476,0.30884534779534417,0.3699491507928965,0.04976863799469336,0.08014379435822627
0,0.9537223404902966,0.015874611329789668,0.13079322421696027,0.06836199627916109,0.02894559355495142,0.45427023104076025,0.27877924364189505,0.13074956544287417,0.03889337004035807
1,2.170033464925432,0.012030826435687392,0.1183196856535706,0.0746511306807487,0.11785430360359679,0.2866239144877871,0.224366449557081,0.2378604231176928,0.05864377855309377
0,0.9873528020152312,0.1602578286593233,0.47042871111281387,0.05707085549111633,0.026211525090596398,0.4275311567380577,0.3621469994468402,0.10093058266908747,0.026108880564301863
0,1.7710247890015012,0.2553856964602902,0.40729543230443105,0.0678149468445009,0.059843002114106,0.3872432878028555,0.34749662194172576,0.12990232970453258,0.007699811592279321
0,1.3111530091798471,0.27613119307016354,0.5258775183259475,0.18857969573145184,0.0008992302768795666,0.2982250680833146,0.38918881003254285,0.03935934207104414,0.08374785380476713
0,1.3212420612868476,0.07025433505574832,0.16743362761816033,0.1309402421105076,0.0035144303909248817,0.48270708372861304,0.3089114800869298,0.030911160392251263,0.043015603290773426
1,1.9578967660738642,0.009758013401819365,0.440770679321402,0.07703116706727389,0.0279066915026292,0.6187266853193271,0.044394735403039426,0.1702860547738849,0.061654665933845554
1,2.2125983166784153,0.2914429911442263,0.5680248983032188,0.2997908206982128,0.07293400282723284,0.15141579483914575,0.2300861484687127,0.15487978001433422,0.09089345315236168
0,2.1092431386000983,0.13369802502383166,0.5389151141546673,0.1094188703692493,0.046270961412081146,0.4736165963225063,0.21214954512797068,0.11854461930878407,0.039999407459408484
0,1.5834707527852236,0.13265539047083183,0.5570628392217379,0.17741977381069746,0.011934982804697257,0.3128165574435362,0.26773723439627234,0.1600323585698047,0.07005909297499205
1,1.320128771784557,0.05924444055273965,0.4669522122705843,0.39186484117518733,0.12756008675427452,0.13830711377665703,0.206496115762101,0.03703653946323253,0.09873530306854769
0,1.279904406311759,0.24745636548969857,0.5171232879261827,0.13295338325290015,0.013552812227269348,0.43557911185082837,0.3016087088017525,0.09587913703486553,0.020426846832383994
0,0.5936764605366894,0.18694412928678725,0.4602023834343896,0.15574145599050307,0.013825194271275173,0.4506703923949904,0.29775627694128,0.06582505932101367,0.01618162108093766
0,1.4312639411385855,0.290907363790885,0.06605435500952313,0.09799580851597361,0.04941750754472859,0.6545252132956169,0.15031338692695748,0.022407084596856697,0.025340999119866727
0,1.7918553144164537,0.1644793530672227,0.2807099116084075,0.15831265942768843,0.05245574476304823,0.4314964867356943,0.2833929761391895,0.026031779620615366,0.04831035331376421
0,1.5913773397204882,0.2821435199584697,0.4846958211720219,0.06923504545438287,0.06281956011422274,0.18891153709183509,0.47450201248480794,0.19249686858757564,0.012034976267175566
0,0.8751628724138346,0.19442640038253048,0.18676172645815983,0.05351400444474951,0.0174491860517165,0.3134890251834106,0.32881289304801053,0.2113595382304578,0.07537535304165523
0,2.6440274047220678,0.2853705608851793,0.42630890045139136,0.07540738748044198,0.0013388860273512925,0.5500976904355817,0.23064604433440855,0.08460035853816945,0.057909633184047064
1,2.1543044041135597,0.024642132008016616,0.1668722872916897,0.10253925854147024,0.10854882498380401,0.45244530483629514,0.22637977132419693,0.044244851077505754,0.06584198923672792
0,0.7988172121992929,0.2828283942721745,0.11584236526873604,0.21834160145181564,0.0025634107004784182,0.48662638287298615,0.1789793479178509,0.10029984880295705,0.013189408253912021
0,0.836186398957592,0.2369378609344419,0.3011282502069785,0.18734409038301172,0.049997530326599794,0.5219247751635967,0.11636791975052355,0.08931433973492305,0.035051344641345336
0,1.479667467264132,0.26501888410069263,0.5783514553928651,0.2941856460519608,0.06872527088099177,0.09543870704519306,0.3487926790820886,0.08726045042703091,0.10559724651273494
0,0.621626967325272,0.1453292567816592,0.4437281281392959,0.09809818901323726,0.00421583664567767,0.41976850114790787,0.23026615640865686,0.17458206055958325,0.07306925622493698
0,0.7212443415495194,0.12937963655103232,0.25405071013043545,0.208183309563859,0.029650674338332707,0.21267892911136,0.35306731382022827,0.11490107036922101,0.08151870279699899
0,1.4172553978225144,0.19962498925149139,0.19130815111714364,0.06413856442499698,0.030223790712270562,0.47878702482859015,0.29838628431953756,0.11650492536468181,0.011959410349922912
0,0.46468457457692547,0.24967068141792423,0.2686718134032381,0.1522220398084582,0.06276685812604217,0.5402690822831421,0.11981300791252396,0.10223982410871572,0.022689187761117908
0,1.633998667866178,0.01902751038553968,0.057015203040447535,0.23190926456186683,0.029218611148475373,0.07187142967878608,0.3889757778032398,0.26173483176359996,0.016290085044031954
0,0.5480842083833435,0.2954586296505657,0.35071810793443203,0.03318426116311854,0.05580493160635655,0.5184402903398517,0.26570477846090224,0.06580393653068374,0.061061801899087165
0,0.9291720757542056,0.1314015342281153,0.33016312399624204,0.09642731041437802,0.044080146472615656,0.2546238042073066,0.41696180797201177,0.11448240958843002,0.07342452134525801
0,1.0071304908982874,0.18377739666402396,0.4933785484760773,0.1377925296589807,0.019401449488890145,0.47183363955192337,0.28906269140522756,0.07462343682601118,0.007286253068967
0,2.563474744522532,0.2572234016387569,0.5208308879924795,0.1683484948791886,0.0265188692915672,0.4759215356514535,0.13145893809987094,0.13847450366312017,0.05927765841479949
0,0.9960806312545823,0.18126016224702096,0.5598697326644111,0.10817549512768186,0.046567333925506896,0.37644406436175676,0.2730943208077994,0.1341038247795636,0.061614960997691356
0,1.5452686612672077,0.014020896647295167,0.5213367246528126,0.12332167129287788,0.0026743538107766407,0.36822724321005185,0.34125534615147,0.13332064245222486,0.031200743082598757
0,2.3202933815497184,0.2570480541812683,0.5192633237264968,0.15637762935589325,0.05011133456411184,0.48415783016990827,0.18599028805562176,0.08093057605322637,0.04243234180123847
0,2.00152886642119,0.11863289039032617,0.47602309833471695,0.15383060679908325,0.02442413109946035,0.36684644673931044,0.2198797265883573,0.17262166100240958,0.06239742777137909
0,2.927182512640174,0.19535547606970025,0.30327242581400315,0.11054905533151585,0.03121495906676548,0.3848857585284295,0.33771892886643223,0.11623031757929025,0.019400980627566716
0,1.6739747041969242,0.08579115092660296,0.3776852795435793,0.06463101843533123,0.0313470306608635,0.5644020562179742,0.17796955852722096,0.15054058228958836,0.011109753869021658
0,1.222427405818792,0.08386290172359066,0.3775343294114807,0.042781165844875256,0.15168976954261817,0.2793064054016321,0.24078802093238735,0.2503493371399232,0.03508530113856384
1,2.8044276054042316,0.04143926645769803,0.14512477759422876,0.24346213822550825,0.003955650237393135,0.33190506494225497,0.23097474575903476,0.12359784569866133,0.06610455513714755
0,1.8138722825820222,0.06127994068381105,0.21357320827246268,0.033483248313494945,0.02783016312658001,0.6089505858170011,0.1838546739719717,0.11216085570015709,0.03372047307079503
0,1.2664336365556048,0.21913792661848344,0.5500059581316996,0.13194868332523724,0.012957505490877643,0.524822570163619,0.21495176279881734,0.08328182480003354,0.032037653421415374
0,1.5068559170272244,0.1793440729878046,0.5508627201355923,0.10069416353230044,0.05867421972145127,0.4102556816395309,0.33899033003876156,0.049512099864526135,0.04187350520342975
0,0.8028681607993664,0.07929884478886713,0.47367757213404305,0.21251379649394417,0.039973940430691565,0.4368410083432375,0.17190774114108454,0.07326498758620434,0.0654985260048377
0,0.726878463993235,0.133256863574696,0.1952344158945018,0.154341523577703,0.029877488599968076,0.5068826495497754,0.2257042927338751,0.07271261967783006,0.010481425860848558
0,1.092639490284235,0.12090835015139413,0.28574384414698656,0.23111830717796875,0.033329776116580875,0.48356078357585414,0.10023296480676164,0.07986983709999299,0.07188833122284173
0,1.666337495356391,0.261530879892067,0.04298902981129036,0.21650659508997436,0.04526212093210764,0.4954641847831052,0.09247136139216858,0.10697103447398562,0.04332470332865858
0,0.7257874692218036,0.04095343411292341,0.48574993076545575,0.028714319567256747,0.009152541939313457,0.2898742015155961,0.4245431526398701,0.16480082539956642,0.0829149589383973
0,1.0125811817243267,0.08198011254299892,0.3397309821684005,0.0809998594549824,0.07418710658468564,0.4020404172139275,0.15866519112519908,0.21277075986895685,0.07133666575224842
0,2.0460086376832725,0.20294360085918628,0.41726883480490484,0.05247483875916825,0.019040441530025782,0.33673999203210414,0.4146153313129464,0.1333013255649179,0.04382807080083759
0,1.6300762247595135,0.06463965175302615,0.019688776378459203,0.13488982655184723,0.06182885302560247,0.4613592744377465,0.14842510422628796,0.15079232179700697,0.04270461996150891
1,1.5332094937593017,0.017463498347131557,0.5474680467372026,0.038008477057619665,0.09336920284274978,0.7783539881052032,0.037601553073877136,0.022509299616156758,0.030157479304393543
1,0.8695840179471314,0.24270317605654457,0.10287220512735903,0.3253504024064264,0.015152867742800105,0.22365569770022042,0.33578889138194584,0.013286785203322273,0.086765355565285
1,1.9915647545114141,0.1193893567127412,0.10188399096561875,0.18182663586874304,0.09570341024854699,0.5935444716612106,0.05667529210075543,0.016406926981713553,0.05584326313903046
0,1.4289396572847752,0.1426117550206735,0.46914197623061843,0.14860249499533104,0.02817442469917685,0.5891377536878528,0.15271064845335225,0.040837617974551765,0.04053706018973534
1,1.5648892712231115,0.19769294429883524,0.07635913878321755,0.03601800303903523,0.04454477303404548,0.6667276726287765,0.04081157025530978,0.19151835256129676,0.020379628481536217
0,0.5249413320220149,0.28308114843941806,0.36869657535856354,0.02404615572704995,0.03990911390274252,0.37619042597550295,0.4661355205219734,0.009878706942139832,0.08384007693059134
0,1.392199807175272,0.09320021571508876,0.5454000277688884,0.11098505557069215,0.035899069536156986,0.4936400035583462,0.2617192809924462,0.08906080949420261,0.008695780848156033
0,1.1974252260247127,0.16494594841890353,0.2607240882579875,0.04424506653705909,0.0541848891371303,0.5165573136323499,0.21550050885449543,0.15995870044921617,0.009553521389748977
0,0.8935042815956903,0.23719261999995261,0.32991907628611516,0.19162425832807892,0.04977216075632493,0.14680239298453243,0.46545271197662724,0.1121209297115187,0.03422754624291784
0,1.533439281042478,0.2607159039384896,0.12053541223636272,0.06039521646374516,0.05291917110812797,0.46121038007663656,0.2355814571591101,0.14931680738920253,0.040576967803177724
0,3.077372661251724,0.04859373215781274,0.26710344591277774,0.126291065345845,0.029580331078785146,0.351122638489569,0.3606602900781766,0.08241104161867513,0.04993463338894919
0,2.156119269485575,0.10360513221611384,0.3089221599068015,0.031390439822772565,0.036759632984629205,0.34618128051301594,0.35020633571838733,0.16382449969869317,0.07163781126250171
1,3.3239861094772856,0.01065247526387153,0.2400842515168122,0.031923147672857644,0.13200464436845336,0.3239668568573719,0.2236510646909962,0.20923454715099724,0.07921973925932356
0,1.2332715972507236,0.08145063031117371,0.34491527216440815,0.20405365426661612,0.07159089054901704,0.4104464906308508,0.04238801643285968,0.20562715389723044,0.06589379422342585
0,1.7567733596350483,0.2753681868231286,0.4460821631490094,0.1306185737685489,0.04911189486089759,0.45084468636431096,0.24208596339757693,0.055733602575931886,0.07160527903273368
0,1.4137839359755575,0.2671978814822326,0.5911583779068811,0.13988210845597576,0.008668653616884523,0.46024632821427,0.25429925779747736,0.09792648696728247,0.03897716494810991
0,0.4274678070269653,0.10111758703544335,0.5927153313733182,0.023087056663295562,0.033570125911144395,0.6806375426729792,0.11517512528407681,0.07828272620665436,0.06924742326184975
0,1.3665173735923792,0.0359715365653337,0.5708160484245917,0.11737330641254255,0.0700263751044852,0.22684356906530986,0.4235635888076245,0.06969886173947698,0.09249429887056096
0,0.8414398582497801,0.17467647550630488,0.5311503728431004,0.16108254530610217,0.02965875873385819,0.3313109305876349,0.31490287968059016,0.1314554632464326,0.03158942244538189
0,1.3649500353072939,0.10490690502272007,0.06322909240714443,0.039864176800677435,0.006130472808171893,0.6192952137671346,0.0866052759729189,0.18590559301056905,0.06219926764052819
0,1.0361068343463278,0.043583483244597154,0.08766952989776274,0.13888477095380605,0.03385153465284486,0.5701065219052578,0.1373527637622381,0.06858645189439942,0.0512179568314538
0,2.6267213537818646,0.00030190418327066256,0.5651358694431058,0.14377544932248798,0.07674222741623951,0.33998937033341103,0.15779436956405732,0.22980639328243835,0.05189219008136581
0,2.4638614911767664,0.20482604703711765,0.5769322862748651,0.13127852047775027,0.04781578705847451,0.4875532897519686,0.2748279817819264,0.01232106070882505,0.046203360221055256
0,1.312288088493637,0.12351114886373239,0.250911090058828,0.16585860227283922,0.0067722042978763195,0.41533947728185044,0.2532115775607003,0.1224963251193541,0.03632181346737964
1,0.8357466089110843,0.043755578756172565,0.02425643009411609,0.28391832173046827,0.007876143141841829,0.13988530165510563,0.5185262776999787,0.021682089402476463,0.028111866370129034
0,0.7149413158264237,0.17098699555025867,0.5563343007407593,0.16566217181190784,0.06340060595683072,0.5059848029091265,0.19310676092648832,0.05347706339599337,0.01836859499965315
0,0.9459947625226826,0.29597347734889795,0.3016264436968969,0.10388968461975122,0.0006205038203161105,0.4668769961796656,0.3199494568944625,0.09974886523721382,0.00891449324859069
0,1.5104676292647286,0.038260891933116846,0.06709491566195203,0.09573975716045201,0.015048106773954645,0.33835899438804473,0.4396514246736205,0.020063620321026238,0.09113809668290186
0,1.3153202800895856,0.2667095860628702,0.11897723185003196,0.21951373137482996,0.07332227452155483,0.24826657739588082,0.21891184496678667,0.19538579820305246,0.04459977353789528
0,0.6538646102511317,0.25593184685751796,0.5655257722097359,0.04995037852636459,0.050144951324720986,0.5558005562168506,0.2751872032913843,0.03156486930703943,0.03735204133364001
0,1.1726249883643143,0.138971438826898,0.29674822671077744,0.2198391051512819,0.06054515696422214,0.1547030619966326,0.4151227181461919,0.07603354894644586,0.07375640879522583
0,0.5630047372868363,0.014283060049841943,0.028730209517356095,0.23062322363514506,0.004183144695746131,0.3433965047777751,0.11664980718522508,0.20752714511904122,0.09762017458706734
0,0.920114263855047,0.27844524943377175,0.25050344582523487,0.10119259796192594,0.030006674680403266,0.43099669406786195,0.30222123334593765,0.12754220032532712,0.008040599618544001
0,1.6117296832260308,0.2650309704730759,0.08151174176545108,0.049232096178884625,0.017118497045726388,0.6050040217934309,0.17677539968793007,0.07524188476881705,0.07662810052521099
0,1.0411864598997655,0.24691445864271971,0.24439784544944762,0.11848058091828892,0.03613432521633854,0.380972937051063,0.3464589104398986,0.11187513542205152,0.0060781109523593765
1,1.1941955159415354,0.11648183751559181,0.16020311914146285,0.3245495602456546,0.03637204515021564,0.2044338294100012,0.22519074242839332,0.09718585957290977,0.11226796319282542
0,2.2614266474417426,0.22308607893963803,0.08850701371191849,0.10518466612913194,0.00026061141994226705,0.45519183763806387,0.3385304157290988,0.09147005703364441,0.009362412050118634
1,1.4514029086954552,0.008644178919347744,0.18557075832254263,0.021121010894240497,0.06872682764328789,0.6929684692643479,0.0620630495652535,0.09825355467827968,0.05686708795459048
0,1.6279035017386136,0.27570053626480034,0.5411086230796417,0.033343567351949335,0.022514260157606065,0.6368615180428234,0.13704448260007165,0.1547379099340613,0.015498261913488234
0,0.9657953981322626,0.19576313008951157,0.17470932227228225,0.23394979747704417,0.0337873893231693,0.4420703143842003,0.2077225133900531,0.020533240837856168,0.061936744587677006
0,1.3417244827477077,0.29641284211200525,0.2461559771378009,0.06019371565525493,0.007396229133293689,0.47858492963897786,0.3537364624218879,0.039511914312614596,0.06057674883797105
0,2.926725768117442,0.29245738409895305,0.2950440102056094,0.062430466627095546,0.004119787748217629,0.6985352559697852,0.12990668574917177,0.03589070857030565,0.06911709533542418
0,0.9661395765556858,0.061068024200768206,0.4386893170058224,0.05700941159011924,0.08822389402427694,0.4279195673507551,0.14576564093417735,0.18341360441407284,0.09766788168659872
0,1.116846893238093,0.007482058782878353,0.3589334182417584,0.08769568645103637,0.0021124106021906362,0.37872003307773083,0.36167690365980637,0.08244251913740822,0.08735244707182771
0,2.7208200871474224,0.24865550653012336,0.5992050488392924,0.08261740965410208,0.008997228706320944,0.5758041475204843,0.2066635737897169,0.10726239842125886,0.01865524190811705
0,0.935259083004699,0.24022559850801828,0.453994076440299,0.03533559954742718,0.03810208167432165,0.3736183471164992,0.46023272259166265,0.08134809058057167,0.011363158489517525
1,3.6793059048053793,0.19377176823389694,0.21847044144459518,0.032320528141135764,0.0522992530952614,0.37258448300821706,0.3710577354949438,0.12022637244831505,0.05151162781212688
0,1.27435655492766,0.08604130833487889,0.14206738748526673,0.04064966249935717,0.055758241308644076,0.6113455621140651,0.23171751021368509,0.023999528478483165,0.036529495385765234
1,0.4370967857392859,0.026110280777141125,0.5215950689141817,0.2770356217319595,0.029171218024508394,0.16637003404441214,0.4588453771511008,0.01859806039148212,0.04997968865653704
0,1.335506999117288,0.12283525861776719,0.5704525093316446,0.13307624320990344,0.04976847044938888,0.47451145541261197,0.13314041641868024,0.13866283375595786,0.07084058075345763
0,0.43711826369871076,0.011636155408515115,0.49727130696051997,0.16112146736274433,0.03741925685562634,0.45654992944520784,0.24848764068465123,0.036945877322314725,0.059475828329455506
0,2.021567177717785,0.13449568814079454,0.39642601272733374,0.16007638805569227,0.016178104428713126,0.6068822618551789,0.1162459826626146,0.04000832239251432,0.06060894060528671
0,0.8341757522050389,0.2967172152773781,0.3341423542485513,0.18820347218120315,0.003715027489492637,0.09048747286620407,0.5535925872648372,0.06531926595434467,0.09868217424391827
0,1.6610461085671564,0.15101953255451447,0.3625478994456919,0.10408107712398654,0.006954732634994251,0.5321584704134559,0.20521514165744342,0.14088981858202873,0.010700759588091118
0,0.6416891355583059,0.15923435941021644,0.3462487115812788,0.07022796690349112,0.02314372302342367,0.32110018251059885,0.39573555253830456,0.15822310863127692,0.03156946639290481
0,0.7850511843730718,0.08509759532327973,0.06639370116570546,0.03842471970494419,0.0060940792327072455,0.7638919068431027,0.1489676314067409,0.023914026031290843,0.018707636781214065
0,1.7543895798355003,0.06230276414754998,0.0368015280910152,0.20659766338329957,0.0009270964143139902,0.33213569596312004,0.38043890225906757,0.06938282893152797,0.010517813048670723
0,1.5825886831865805,0.08082798588008101,0.267847043481454,0.1349511463420651,0.04684757545689016,0.2986258245094953,0.3619575282542408,0.1461071851696156,0.011510740267693135
0,1.553596280866938,0.2999570436325095,0.13487397933939627,0.05443465560583212,0.011397339156426677,0.5882880834686949,0.26656345778878854,0.01396380462130567,0.06535265935895196
0,0.4,0.24157194826079498,0.3317858640800622,0.11852604314656325,0.05554705298326832,0.35259570144135455,0.40125085122399146,0.06234594840614296,0.00973440279867934
0,1.47766782265481,0.24958389759604468,0.31189488937781457,0.11805741089959158,0.03092467707440183,0.1635781828280643,0.4353636108236546,0.15609226336279783,0.0959838550114897
0,1.227736351750317,0.0077279966551810795,0.36319593922474097,0.08212162156359687,0.012895621291883682,0.6867137082462818,0.09967935361068722,0.06460473207758953,0.05398496320996109
0,1.5186042737942724,0.15534053363205502,0.08481259288755591,0.05065628514216638,0.05237494527740112,0.16991887872205705,0.4440784859191148,0.13865354009075914,0.14431786484850162
0,0.6768880384345358,0.2635446126174499,0.22285246592842436,0.2313571030532671,0.023053507698862614,0.36444427801945106,0.1714856708158327,0.14111675082764966,0.06854268958493674
0,1.1696612728963556,0.047879196392002873,0.5329912457380279,0.05143349576760057,0.04814932866728315,0.5439801542911051,0.22645767702411315,0.09612866691516933,0.03385067733472856
0,0.8315540465689222,0.19635658721423202,0.16598270373735816,0.16390546990406524,0.022176956004910448,0.6089821136516193,0.06837487566407818,0.10175875122231048,0.03480183355301648
0,0.874345870295739,0.20196289808946571,0.5426959126634805,0.20594549194838238,0.0891498150526422,0.4187848462180397,0.1265250624791691,0.1033853706228993,0.05620941367886744
0,1.5072602411754747,0.16572913687651747,0.0007818904779081315,0.15638670479421207,0.026458767041893726,0.5849441038026374,0.08956501808099218,0.12931011719633925,0.013335289083925414
0,1.9278658425980106,0.07454011470578861,0.22459222641208526,0.1389329135938402,0.04347149129473191,0.5326345433648468,0.09220185129890832,0.13882051211308002,0.053938688334592644
1,1.1663942806164247,0.24251684826485806,0.16461664594366884,0.3507114198322274,0.03948683041969641,0.22323207001964102,0.0926428356896714,0.2297327550877428,0.06419408895102102
1,1.0655302977149437,0.03863596454180257,0.4007498839935429,0.2824906188779436,0.09548132052754563,0.21984478536898178,0.19578284485450975,0.17933060940621667,0.027069820964802427
0,2.822705142778943,0.15762357920256134,0.012050056045782154,0.13889426054496506,0.014233934809058437,0.47388794547756313,0.294128645403033,0.049833928548776545,0.0290212852166038
0,2.073238506767969,0.27408134756287966,0.2523230618942171,0.09574228428596876,0.014494178221383922,0.5388236985856191,0.19191552350455804,0.13278002865395103,0.026244286748519197
0,0.951407564550542,0.2646792708470835,0.4249175903240432,0.16453785322081718,0.028653358899401012,0.5222541138892097,0.26509281861832273,0.01073754538029895,0.008724309991950424
0,1.1456879738726864,0.05621922441765409,0.5597101827778872,0.11442593961254406,0.018434216795170967,0.3895980339890965,0.4562864197455904,0.011066769617507645,0.010188620240090486
0,0.4,0.19566838249130045,0.4349125722267195,0.11040557689607955,0.027515943877380777,0.7113143969445783,0.05858070509066355,0.025843245009083155,0.06634013218221468
0,1.2030234541063178,0.01633888325664491,0.35648248279438993,0.22118299893564494,0.06769728316907946,0.053220847308979316,0.4186489016059304,0.1903263308740466,0.048923638106319264
0,1.787552939343826,0.26317165790971475,0.26589862695178357,0.14340043232772015,0.01926718650091663,0.4061501714705625,0.2963045862432315,0.09740017412235476,0.037477449335214505
0,0.9001857213503284,0.20909409083187483,0.3352737298866282,0.019964388077050883,0.08367567063301,0.5080421885528922,0.291785412228111,0.04377611734105628,0.052756223167879715
